,city,date,postal_code,price,streetname,url,amenities,appartment_type,balcony_terrace,bathroom_amenities,bathrooms_amount,build_year,construction_type,delivery,external_storage,floor,floors_amount,heating_type,heating,isolation,kvk_insurance,kvk_monthly_payment,kvk_registration,kvk_repair_plan,kvk_reserve_funds,kvk_yearly_meeting,living_size,location,outside_size,parking,roof,rooms_amount,status,volume,warm_water
0,Utrecht,2021-09-16,3513 VP,425000,Zilvergeldstraat 31,https://mijn.makelaarsland.nl/woning-details/2552182,Voorzien van elektra,,,Douche,1,1945.0,Bestaande bouw,In overleg,4,,,,Cv-ketel,Dubbel glas,,,,,,,73,"Aan rustige weg, In woonwijk",,Parkeervergunningen,Zadeldak bedekt met pannen,5,Beschikbaar,257,Cv-ketel
1,Utrecht,2021-09-16,3523 VV,349000,Constant Erzeijstraat 4 C,https://mijn.makelaarsland.nl/woning-details/2552280,TV kabel,"Appartement, Galerijflat",Balkon aanwezig,Ligbad,1,2009.0,Bestaande bouw,In overleg,,1e woonlaag,1,"Intergas uit 2009, Eigendom",Cv-ketel,"Dakisolatie, Muurisolatie, Vloerisolatie, Dubbel glas",Ja,,Ja,Ja,Ja,Ja,68,In woonwijk,5,"Op eigen terrein, Op afgesloten terrein",Plat dak bedekt met bitumineuze dakbedekking,3,Beschikbaar,225,Cv-ketel
2,Utrecht,2021-09-16,3563 RN,250000,Mexicodreef 233,https://mijn.makelaarsland.nl/woning-details/2552380,Mechanische ventilatie,"Appartement, Galerijflat",Balkon aanwezig,"Douche, toilet",1,1984.0,Bestaande bouw,In overleg,6,3e woonlaag,1,"Remeha, Eigendom",Cv-ketel,Dubbel glas,Ja,94,Ja,Ja,Ja,Ja,57,In woonwijk,6,Openbaar parkeren,,2,Beschikbaar,170,Cv-ketel
3,Utrecht,2021-09-16,3515 XJ,325000,Maria van Reedestraat 17,https://mijn.makelaarsland.nl/woning-details/2552477,TV kabel,"Appartement, Benedenwoning",,2 douches,1,1930.0,Bestaande bouw,In overleg,4,0e woonlaag,1,"Nefit HR uit 2009, Eigendom",Cv-ketel,Grotendeels dubbelglas,Ja,,Ja,Ja,Ja,Ja,51,"Aan rustige weg, In woonwijk",,Openbaar parkeren,Plat dak bedekt met bitumineuze dakbedekking,3,Beschikbaar,197,Cv-ketel
4,Utrecht,2021-09-16,3571 KH,675000,Eykmanlaan 106,https://mijn.makelaarsland.nl/woning-details/2552602,"Voorzien van verwarming, Voorzien van elektra",,Dakterras aanwezig,Ligbad,1,2016.0,Bestaande bouw,In overleg,,,,"Intergas uit 2017, Eigendom","Cv-ketel, Vloerverwarming gedeeltelijk","Dakisolatie, Muurisolatie, Vloerisolatie, Dubbel glas, Volledig geïsoleerd",,,,,,,152,"Aan rustige weg, In woonwijk",16,"Openbaar parkeren, Betaald parkeren",Plat dak,6,Beschikbaar,545,Cv-ketel
5,Utrecht,2021-09-16,3551 BX,225000,Ondiep-Zuidzijde 35,https://mijn.makelaarsland.nl/woning-details/2552711,Lift,"Appartement, Tussenverdieping",Balkon aanwezig,Toilet,1,1980.0,Bestaande bouw,In overleg,4,3e woonlaag,1,,,,Ja,30,Ja,Ja,Ja,Ja,31,Beschutte ligging,4,,,1,Beschikbaar,100,
6,Utrecht,2021-09-16,3522 JB,579000,Merwedekade 144,https://mijn.makelaarsland.nl/woning-details/2552761,,,,"2 douches, toilet",2,1929.0,Bestaande bouw,In overleg,11,,,,Cv-ketel,,,,,,,,159,,,Openbaar parkeren,Samengesteld dak bedekt met pannen,7,Beschikbaar,548,Geiser eigendom
7,Utrecht,2021-09-16,3543 GE,350000,Glenn Millerpad 48,https://mijn.makelaarsland.nl/woning-details/2552785,Voorzien van elektra,"Appartement, Galerijflat",Balkon aanwezig,,1,2009.0,Bestaande bouw,In overleg,14,2e woonlaag,1,,Stadsverwarming,"Dakisolatie, Muurisolatie, Vloerisolatie, Dubbel glas",Ja,134,Ja,Ja,Ja,Ja,85,"Aan rustige weg, Vrij uitzicht, Open ligging",5,Openbaar parkeren,Plat dak,4,Beschikbaar,270,Stadsverwarming
8,Utrecht,2021-09-16,3545 DG,1156,Villa Bloemaert | type Z2 0 ong,https://mijn.makelaarsland.nl/woning-details/2552787,Elektra,,Dakterras aanwezig,"Ligbad, 2 douches",2,2023.0,Nieuwbouw,In overleg,,,,,"Stadsverwarming, Vloerverwarming geheel",Volledig geïsoleerd,,,,,,,200,In woonwijk,,Op eigen terrein,Plat dak bedekt met bitumineuze dakbedekking,6,Beschikbaar,873,
9,Utrecht,2021-09-16,3545 DG,1030,Villa Baburen | type Z3 0 ong,https://mijn.makelaarsland.nl/woning-details/2552788,Elektra,,Dakterras aanwezig,"Ligbad, 2 douches",2,2023.0,Nieuwbouw,In overleg,,,,,"Stadsverwarming, Vloerverwarming geheel",Volledig geïsoleerd,,,,,,,197,In woonwijk,,Op eigen terrein,Plat dak bedekt met bitumineuze dakbedekking,6,Beschikbaar,848,
10,Utrecht,2021-09-16,3545 DG,589000,Type C4 | Rijwoningen 0 ong,https://mijn.makelaarsland.nl/woning-details/2552789,Voorzien van elektra,,,"Douche, toilet",1,2023.0,Nieuwbouw,In overleg,,,,,Stadsverwarming,Volledig geïsoleerd,,,,,,,131,In woonwijk,,Openbaar parkeren,Zadeldak bedekt met pannen,5,Beschikbaar,504,
11,Utrecht,2021-09-16,3545 DG,970000,Type T | Vrijstaande woningen 0 ong,https://mijn.makelaarsland.nl/woning-details/2552793,Elektra,,,"Ligbad, douche",1,2023.0,Nieuwbouw,In overleg,,,,,Stadsverwarming,Volledig geïsoleerd,,,,,,,178,In woonwijk,,"Openbaar parkeren, Op eigen terrein",Zadeldak bedekt met pannen,5,Beschikbaar,814,
12,Utrecht,2021-09-16,3531 GM,399000,Laurens Reaalstraat 13 Bis,https://mijn.makelaarsland.nl/woning-details/2551193,"Mechanische ventilatie, TV kabel, Glasvezel kabel","Appartement, Bovenwoning",Balkon aanwezig,Ligbad,1,1906.0,Bestaande bouw,In overleg,,0e woonlaag,2,,Cv-ketel,"Dakisolatie, Vloerisolatie, Dubbel glas",Ja,,Ja,Ja,Ja,Ja,86,"Aan rustige weg, In woonwijk",1,"Openbaar parkeren, Betaald parkeren, Parkeervergunningen",Plat dak bedekt met bitumineuze dakbedekking,3,Beschikbaar,263,Cv-ketel
13,Utrecht,2021-09-16,3572 VS,310000,Bollenhofsestraat 114,https://mijn.makelaarsland.nl/woning-details/2551220,,"Appartement, Benedenwoning",,"Douche, toilet",1,,Bestaande bouw,In overleg,,1e woonlaag,1,"Remeha uit 2020, Eigendom",Cv-ketel,Gedeeltelijk dubbel glas,Ja,58,Ja,Ja,Ja,Ja,48,"Aan rustige weg, In woonwijk",,"Betaald parkeren, Parkeervergunningen","Zadeldak bedekt met pannen, bitumineuze dakbedekking",2,Beschikbaar,203,Cv-ketel
14,Utrecht,2021-09-16,3523 VW,625000,Constant Erzeijstraat 20,https://mijn.makelaarsland.nl/woning-details/2551240,Voorzien van elektra,,Balkon aanwezig,"Douche, toilet",1,2011.0,Bestaande bouw,In overleg,7,,,"Intergas kombi kompakt uit 2011, Eigendom","Cv-ketel, Vloerverwarming geheel",Volledig geïsoleerd,,,,,,,148,"Aan drukke weg, In woonwijk",10,Op eigen terrein,Zadeldak bedekt met pannen,6,Beschikbaar,538,Cv-ketel
15,Utrecht,2021-09-16,3553 VX,389500,Hubert Duyfhuysstraat 68,https://mijn.makelaarsland.nl/woning-details/2551329,"Mechanische ventilatie, TV kabel, Schuifpui","Appartement, Maisonnette",,Toilet,1,1923.0,Bestaande bouw,In overleg,,1e woonlaag,3,"Nefit HR Combi Proline uit 2010, Eigendom",Cv-ketel,"Vloerisolatie, Dubbel glas",Ja,141,Ja,Ja,Ja,Ja,96,In woonwijk,,Openbaar parkeren,Plat dak bedekt met bitumineuze dakbedekking,5,Beschikbaar,346,Cv-ketel
16,Utrecht,2021-09-16,3551 CT,290000,Amsterdamsestraatweg 320 A,https://mijn.makelaarsland.nl/woning-details/2551359,"TV kabel, Frans balkon","Appartement, Bovenwoning",Frans balkon aanwezig,Douche,1,1925.0,Bestaande bouw,In overleg,,1e woonlaag,1,"Vaillant uit 2021, Eigendom",Cv-ketel,Dubbel glas,Ja,152,Ja,Ja,Ja,Ja,63,"Aan drukke weg, In woonwijk",7,"Betaald parkeren, Parkeervergunningen",,3,Beschikbaar,208,Cv-ketel
17,Utrecht,2021-09-16,3584 HC,525000,Albert van Dalsumlaan 135,https://mijn.makelaarsland.nl/woning-details/2551395,"Elektra, Elektrische deur","Appartement, Maisonnette",,"Douche, toilet",1,,Bestaande bouw,In overleg,,2e woonlaag,4,,Stadsverwarming,"Dakisolatie, Muurisolatie, Grotendeels dubbelglas",Ja,156,Ja,Ja,Ja,Ja,109,"Aan rustige weg, In woonwijk, Vrij uitzicht, Beschutte ligging",,"Openbaar parkeren, Betaald parkeren",Zadeldak bedekt met pannen,4,Beschikbaar,429,Elektrische boiler eigendom
18,Utrecht,2021-09-16,3582 TG,350000,Gruttostraat 5,https://mijn.makelaarsland.nl/woning-details/2551396,Voorzien van elektra,"Appartement, Benedenwoning",,Ligbad,1,,Bestaande bouw,In overleg,,0e woonlaag,1,"Valliant uit 2012, Eigendom",Cv-ketel,Dubbel glas,Ja,50,Ja,Ja,Ja,Ja,62,"Aan rustige weg, In woonwijk",,"Betaald parkeren, Parkeervergunningen","Samengesteld dak bedekt met pannen, bitumineuze dakbedekking",2,Beschikbaar,258,Cv-ketel
19,Utrecht,2021-09-16,3582 VA,229000,Ina Boudier-Bakkerlaan 26 h,https://mijn.makelaarsland.nl/woning-details/2551415,"Mechanische ventilatie, TV kabel, Lift, Frans balkon","Appartement, Galerijflat",Frans balkon aanwezig,"Douche, toilet",1,2011.0,Bestaande bouw,In overleg,,0e woonlaag,1,,Stadsverwarming,Volledig geïsoleerd,Ja,65,Ja,Ja,Ja,Ja,30,"Aan rustige weg, In woonwijk",,"Openbaar parkeren, Betaald parkeren, Parkeervergunningen",Plat dak bedekt met bitumineuze dakbedekking,1,Beschikbaar,97,Cv-ketel
20,Utrecht,2021-09-16,3581 TW,435000,Hofstraat 16,https://mijn.makelaarsland.nl/woning-details/2551442,,,,"Douche, toilet",1,1900.0,Bestaande bouw,In overleg,,,,,Cv-ketel,"Dakisolatie, Muurisolatie, Dubbel glas",,,,,,,79,"Aan rustige weg, In woonwijk",11,"Betaald parkeren, Parkeervergunningen",Mansardedak bedekt met pannen,4,Beschikbaar,228,Cv-ketel
21,Utrecht,2021-09-16,3522 AE,475000,Croesestraat 26 bis,https://mijn.makelaarsland.nl/woning-details/2551511,,"Appartement, Bovenwoning",Balkon aanwezig,"Ligbad, douche, toilet",1,1904.0,Bestaande bouw,In overleg,,0e woonlaag,2,"Remeha uit 2007, Eigendom",Cv-ketel,"Dakisolatie, Dubbel glas",Ja,87,Ja,Ja,Ja,Ja,96,"Aan rustige weg, In woonwijk",14,"Betaald parkeren, Parkeervergunningen",Plat dak,4,Beschikbaar,331,Cv-ketel
22,Utrecht,2021-09-16,3514 TA,695000,Lijsterstraat 7,https://mijn.makelaarsland.nl/woning-details/2551513,,"Appartement, Bovenwoning",Dakterras aanwezig,2 douches,2,1965.0,Bestaande bouw,In overleg,,0e woonlaag,2,,Cv-ketel,"Dakisolatie, Muurisolatie, Dubbel glas",Ja,,Ja,Ja,Ja,Ja,135,"Aan rustige weg, In woonwijk",46,"Betaald parkeren, Parkeervergunningen","Samengesteld dak bedekt met pannen, bitumineuze dakbedekking",4,Beschikbaar,438,Cv-ketel
23,Utrecht,2021-09-16,3541 SN,775000,Specerijenveld 6,https://mijn.makelaarsland.nl/woning-details/2551552,Voorzien van elektra,,Balkon aanwezig,"Ligbad, toilet",2,2014.0,Bestaande bouw,In overleg,6,,,,Stadsverwarming,"Dakisolatie, Muurisolatie, Vloerisolatie, Dubbel glas, Volledig geïsoleerd",,,,,,,183,"Aan park, Aan rustige weg, In woonwijk, Beschutte ligging",15,Openbaar parkeren,Plat dak bedekt met bitumineuze dakbedekking,6,Beschikbaar,627,"Centrale Voorziening, Zonnecollectoren, Stadsverwarming"
24,Utrecht,2021-09-16,3511 VB,469000,Zilverstraat 15,https://mijn.makelaarsland.nl/woning-details/2551610,Voorzien van elektra,,,"Ligbad, toilet",1,,Bestaande bouw,In overleg,8,,,"Nefit Ecomline HR uit 2005, Eigendom",Cv-ketel,"Dakisolatie, Grotendeels dubbelglas",,,,,,,70,"Aan rustige weg, In centrum, In woonwijk",,"Betaald parkeren, Parkeervergunningen","Samengesteld dak bedekt met pannen, bitumineuze dakbedekking",3,Beschikbaar,290,Cv-ketel
25,Utrecht,2021-09-16,3544 NX,269000,Pablo Picassostraat 144,https://mijn.makelaarsland.nl/woning-details/2551621,"Mechanische ventilatie, TV kabel, Natuurlijke ventilatie","Appartement, Galerijflat",Balkon aanwezig,Douche,1,2007.0,Bestaande bouw,In overleg,12,4e woonlaag,6,,Stadsverwarming,"Dakisolatie, Muurisolatie, Vloerisolatie, Dubbel glas, Volledig geïsoleerd",Ja,136,Ja,Ja,Ja,Ja,64,"Aan rustige weg, In woonwijk",8,"Openbaar parkeren, Op eigen terrein",Plat dak bedekt met bitumineuze dakbedekking,2,Beschikbaar,210,Centrale Voorziening
26,Utrecht,2021-09-16,3573 AM,325000,Aartsbisschop Romerostraat 313,https://mijn.makelaarsland.nl/woning-details/2551837,"Mechanische ventilatie, TV kabel, Buitenzonwering, Lift, Natuurlijke ventilatie","Appartement, Galerijflat",Balkon aanwezig,Ligbad,1,1991.0,Bestaande bouw,In overleg,4,3e woonlaag,1,"Bosch Eurostar VRC 25 uit 2009, Eigendom",Cv-ketel,"Dakisolatie, Muurisolatie, Dubbel glas",Ja,131,Ja,Ja,Ja,Ja,78,,4,Openbaar parkeren,Plat dak bedekt met bitumineuze dakbedekking,3,Beschikbaar,232,Cv-ketel
27,Utrecht,2021-09-16,3544 CM,409000,Mierikswortelstraat 11,https://mijn.makelaarsland.nl/woning-details/2551843,Voorzien van elektra,,,"Ligbad, douche",1,2000.0,Bestaande bouw,In overleg,8,,,,Stadsverwarming,Volledig geïsoleerd,,,,,,,102,"In woonwijk, Beschutte ligging",1,Openbaar parkeren,Plat dak bedekt met bitumineuze dakbedekking,3,Beschikbaar,386,Stadsverwarming
28,Utrecht,2021-09-16,3554 HW,300000,Prinses Ireneplateau 39,https://mijn.makelaarsland.nl/woning-details/2547356,"Mechanische ventilatie, TV kabel, Lift","Appartement, Maisonnette",,Toilet,1,2004.0,Bestaande bouw,In overleg,,0e woonlaag,2,,Stadsverwarming,"Dakisolatie, Muurisolatie, Vloerisolatie, Dubbel glas",Ja,115,Ja,Ja,Ja,Ja,59,"Aan water, Aan park, In woonwijk, Vrij uitzicht",,Parkeergarage,Plat dak bedekt met bitumineuze dakbedekking,2,Beschikbaar,191,Stadsverwarming
29,Utrecht,2021-09-16,3551 CE,450000,Amsterdamsestraatweg 255 BS,https://mijn.makelaarsland.nl/woning-details/2547503,,"Appartement, Bovenwoning",Dakterras aanwezig,"Ligbad, douche, toilet",1,1926.0,Bestaande bouw,In overleg,,2e woonlaag,2,"AWB uit 2012, Huur",Cv-ketel,"Vloerisolatie, Dubbel glas",Ja,52,Ja,Ja,Ja,Ja,146,"Aan drukke weg, In centrum",26,"Openbaar parkeren, Betaald parkeren",Plat dak bedekt met bitumineuze dakbedekking,4,Beschikbaar,475,Cv-ketel
30,Utrecht,2021-09-16,3532 GM,500000,Hasebroekstraat 66,https://mijn.makelaarsland.nl/woning-details/2547521,,,Balkon aanwezig,Toilet,1,1935.0,Bestaande bouw,In overleg,1,,,,Cv-ketel,"Dakisolatie, Vloerisolatie, Dubbel glas",,,,,,,108,"Aan rustige weg, In woonwijk",3,"Betaald parkeren, Parkeervergunningen",Zadeldak bedekt met pannen,5,Beschikbaar,400,Cv-ketel
31,Utrecht,2021-09-16,3572 KN,219000,Alexander Numankade 7 D,https://mijn.makelaarsland.nl/woning-details/2547540,Airconditioning,"Appartement, Portiekflat",Dakterras aanwezig,"Douche, toilet",1,1895.0,Bestaande bouw,In overleg,,4e woonlaag,5,"Remeha Avanta uit 2012, Eigendom",Cv-ketel,Dubbel glas,Ja,130,Ja,Ja,Ja,Ja,27,"Aan water, Aan rustige weg, In woonwijk",7,"Openbaar parkeren, Betaald parkeren, Parkeervergunningen",Zadeldak bedekt met pannen,2,Beschikbaar,80,Cv-ketel
32,Utrecht,2021-09-16,3521 XR,395000,Tesselschadestraat 1,https://mijn.makelaarsland.nl/woning-details/2547632,"Voorzien van elektra, Voorzien van water","Appartement, Benedenwoning",,,,1911.0,Bestaande bouw,In overleg,3,0e woonlaag,1,"Nefit uit 2010, Eigendom",Cv-ketel,"Dakisolatie, Vloerisolatie, Dubbel glas",Ja,66,Ja,Ja,Ja,Ja,76,"Aan rustige weg, In woonwijk",20,"Openbaar parkeren, Betaald parkeren, Parkeervergunningen",Zadeldak bedekt met pannen,3,Beschikbaar,300,Cv-ketel
33,Utrecht,2021-09-16,3555 ES,409000,Burgemeester Norbruislaan 482,https://mijn.makelaarsland.nl/woning-details/2547658,Balansventilatie,"Appartement, Benedenwoning",,"Douche, bidet",1,2006.0,Bestaande bouw,In overleg,4,1e woonlaag,1,,"Cv-ketel, Vloerverwarming geheel",Volledig geïsoleerd,Ja,184,Ja,Ja,Ja,Ja,100,In woonwijk,,"Openbaar parkeren, Parkeergarage, Op eigen terrein, Op afgesloten terrein",Plat dak bedekt met bitumineuze dakbedekking,3,Beschikbaar,348,Cv-ketel
34,Utrecht,2021-09-16,3583 RC,375000,Stadionlaan 69,https://mijn.makelaarsland.nl/woning-details/2547959,Voorzien van elektra,"Appartement, Galerijflat",Balkon aanwezig,Douche,1,1958.0,Bestaande bouw,In overleg,6,7e woonlaag,1,,Stadsverwarming,Gedeeltelijk dubbel glas,Ja,308,Ja,Ja,Ja,Ja,102,"In woonwijk, Vrij uitzicht",2,"Betaald parkeren, Parkeervergunningen",Plat dak bedekt met bitumineuze dakbedekking,4,Beschikbaar,342,Elektrische boiler eigendom
35,Utrecht,2021-09-16,3581 LC,395000,Oudwijkerdwarsstraat 139,https://mijn.makelaarsland.nl/woning-details/2548271,,,,"Douche, toilet",1,1910.0,Bestaande bouw,In overleg,,,,,Cv-ketel,"Dakisolatie, Gedeeltelijk dubbel glas",,,,,,,64,"In woonwijk, Beschutte ligging",7,"Betaald parkeren, Parkeervergunningen",Mansardedak bedekt met pannen,4,Beschikbaar,251,Cv-ketel
36,Utrecht,2021-09-16,3582 CD,695000,Minstraat 46,https://mijn.makelaarsland.nl/woning-details/2546058,Mechanische ventilatie,,,"Ligbad, toilet",1,1904.0,Bestaande bouw,In overleg,4,,,"Remeha Tzerra M uit 2015, Eigendom",Cv-ketel,"Dakisolatie, Dubbel glas",,,,,,,120,,,"Openbaar parkeren, Betaald parkeren, Parkeervergunningen","Samengesteld dak bedekt met pannen, bitumineuze dakbedekking",6,Beschikbaar,430,Cv-ketel
37,Utrecht,2021-09-16,3523 ED,275000,Smaragdplein 73,https://mijn.makelaarsland.nl/woning-details/2546059,TV kabel,"Appartement, Portiekflat",,,,1958.0,Bestaande bouw,In overleg,11,2e woonlaag,1,,Cv-ketel,Dubbel glas,Ja,125,Ja,Ja,Ja,Ja,53,In woonwijk,2,,,3,Beschikbaar,162,Cv-ketel
38,Utrecht,2021-09-16,3544 VC,475000,Vlindersingel 111,https://mijn.makelaarsland.nl/woning-details/2546060,"Mechanische ventilatie, Glasvezel kabel",,Dakterras aanwezig,"Ligbad, toilet",1,2001.0,Bestaande bouw,In overleg,8,,,,Stadsverwarming,Volledig geïsoleerd,,,,,,,131,In woonwijk,16,Openbaar parkeren,Plat dak bedekt met bitumineuze dakbedekking,6,Onder bod,440,"Centrale Voorziening, Stadsverwarming"
39,Utrecht,2021-09-16,3532 TL,535000,Van Lennepstraat 63,https://mijn.makelaarsland.nl/woning-details/2546311,TV kabel,,,,,1910.0,Bestaande bouw,In overleg,6,,,,Warmtepomp,"Dakisolatie, Vloerisolatie, Dubbel glas",,,,,,,113,In woonwijk,,"Betaald parkeren, Parkeervergunningen",Plat dak bedekt met bitumineuze dakbedekking,6,Beschikbaar,418,Elektrische boiler eigendom
40,Utrecht,2021-09-16,3541 TR,320000,Valeriaanweg 159,https://mijn.makelaarsland.nl/woning-details/2546333,"Mechanische ventilatie, TV kabel, Lift, Schuifpui","Appartement, Galerijflat",Balkon aanwezig,,1,2015.0,Bestaande bouw,In overleg,5,2e woonlaag,1,,Stadsverwarming,"Dakisolatie, Muurisolatie, Vloerisolatie, Dubbel glas, Volledig geïsoleerd",Ja,90,Ja,Ja,Ja,Ja,65,"In woonwijk, Vrij uitzicht",10,Openbaar parkeren,Plat dak bedekt met bitumineuze dakbedekking,3,Beschikbaar,213,Centrale Voorziening
41,Utrecht,2021-09-16,3512 AH,500000,Voorstraat 15 C,https://mijn.makelaarsland.nl/woning-details/2546425,"Mechanische ventilatie, TV kabel","Appartement, Bovenwoning",,"Ligbad, douche, toilet",1,1932.0,Bestaande bouw,In overleg,,3e woonlaag,2,"Nefit Proline Nxt HRC 24 CW 3 uit 2020, Eigendom",Cv-ketel,"Dakisolatie, Dubbel glas",Ja,164,Ja,Ja,Ja,Ja,82,"In centrum, Vrij uitzicht",24,"Betaald parkeren, Parkeervergunningen",Plat dak bedekt met bitumineuze dakbedekking,3,Verkocht onder voorbehoud,242,Cv-ketel
42,Utrecht,2021-09-16,3584 GS,299000,Eduard Verkadelaan 35,https://mijn.makelaarsland.nl/woning-details/2546519,,"Appartement, Benedenwoning",,Douche,1,1984.0,Bestaande bouw,In overleg,5,1e woonlaag,1,,Stadsverwarming,Dubbel glas,Ja,99,Ja,Ja,Ja,Ja,61,"Aan rustige weg, In woonwijk",,"Openbaar parkeren, Betaald parkeren",Samengesteld dak,3,Beschikbaar,210,Centrale Voorziening
43,Utrecht,2021-09-16,3553 AN,375000,Burgemeester van Tuyllkade 126 Bis,https://mijn.makelaarsland.nl/woning-details/2546520,,"Appartement, Bovenwoning",Balkon aanwezig,Douche,1,1935.0,Bestaande bouw,In overleg,,0e woonlaag,3,,"Gaskachels, Gashaard","Muurisolatie, Gedeeltelijk dubbel glas",Ja,,Ja,Ja,Ja,Ja,89,"In woonwijk, Vrij uitzicht",17,Openbaar parkeren,Zadeldak,7,Beschikbaar,319,Gasboiler huur
44,Utrecht,2021-09-16,3545 DG,854000,Type N | Twee-onder-een-kap woningen 0 ong,https://mijn.makelaarsland.nl/woning-details/2552795,Elektra,,,"Ligbad, douche",1,2023.0,Nieuwbouw,In overleg,,,,,Stadsverwarming,Volledig geïsoleerd,,,,,,,176,In woonwijk,,"Openbaar parkeren, Op eigen terrein",Zadeldak bedekt met pannen,5,Beschikbaar,755,
45,Utrecht,2021-09-16,3545 DG,893000,Type N |Twee-onder-een-kap woningen 0 ong,https://mijn.makelaarsland.nl/woning-details/2552798,Elektra,,,"Ligbad, douche",1,2023.0,Nieuwbouw,In overleg,,,,,Stadsverwarming,Volledig geïsoleerd,,,,,,,176,In woonwijk,,"Openbaar parkeren, Op eigen terrein",Zadeldak bedekt met pannen,5,Beschikbaar,755,
46,Utrecht,2021-09-16,3545 DG,698000,Type D3 | Eindwoningen 0 ong,https://mijn.makelaarsland.nl/woning-details/2552799,Voorzien van elektra,,,"Ligbad, douche, toilet",1,2023.0,Nieuwbouw,In overleg,,,,,Stadsverwarming,Volledig geïsoleerd,,,,,,,159,In woonwijk,,"Openbaar parkeren, Op eigen terrein",Zadeldak bedekt met pannen,5,Beschikbaar,639,
47,Utrecht,2021-09-16,3545 DG,719000,Type D2 | Eindwoningen 0 ong,https://mijn.makelaarsland.nl/woning-details/2552800,Elektra,,,"Ligbad, douche, toilet",1,2023.0,Nieuwbouw,In overleg,,,,,Stadsverwarming,Volledig geïsoleerd,,,,,,,144,In woonwijk,,"Openbaar parkeren, Op eigen terrein",Zadeldak bedekt met pannen,5,Beschikbaar,575,
48,Utrecht,2021-09-16,3545 DG,623000,Type C6 | Hoekwoningen 0 ong,https://mijn.makelaarsland.nl/woning-details/2552806,Voorzien van elektra,,,"Ligbad, douche, toilet",1,2023.0,Nieuwbouw,In overleg,,,,,Stadsverwarming,Volledig geïsoleerd,,,,,,,128,In woonwijk,,"Openbaar parkeren, Op eigen terrein",Zadeldak bedekt met pannen,5,Beschikbaar,518,
49,Utrecht,2021-09-16,3545 DG,618000,Type D1 | Rijwoningen 0 ong,https://mijn.makelaarsland.nl/woning-details/2552807,Voorzien van elektra,,,"Douche, toilet",1,2023.0,Nieuwbouw,In overleg,,,,,Stadsverwarming,Volledig geïsoleerd,,,,,,,144,In woonwijk,,Openbaar parkeren,Zadeldak bedekt met pannen,5,Beschikbaar,551,
50,Utrecht,2021-09-16,3545 DG,618000,Type D4 | Rijwoningen 0 ong,https://mijn.makelaarsland.nl/woning-details/2552809,Voorzien van elektra,,,"Douche, toilet",1,2023.0,Nieuwbouw,In overleg,,,,,Stadsverwarming,Volledig geïsoleerd,,,,,,,150,In woonwijk,,Openbaar parkeren,Zadeldak bedekt met pannen,5,Beschikbaar,578,
51,Utrecht,2021-09-16,3555 WH,550000,Prof. Kohnstammstraat 22,https://mijn.makelaarsland.nl/woning-details/2549404,Elektra,,"Dakterras aanwezig, frans balkon aanwezig","Ligbad, douche",1,2009.0,Bestaande bouw,In overleg,,,,,Cv-ketel,"Dakisolatie, Muurisolatie, Vloerisolatie, Dubbel glas, Volledig geïsoleerd",,,,,,,154,"Aan rustige weg, In woonwijk",,,Zadeldak bedekt met leisteen,7,Beschikbaar,634,Cv-ketel
52,Utrecht,2021-09-16,3562 ER,279000,Theemsdreef 408,https://mijn.makelaarsland.nl/woning-details/2549450,,"Appartement, Galerijflat",,,,1966.0,Bestaande bouw,In overleg,4,5e woonlaag,1,,,,,,,,,,90,,5,,,4,Beschikbaar,282,
53,Utrecht,2021-09-16,3531 CX,400000,Riouwstraat 36,https://mijn.makelaarsland.nl/woning-details/2549513,,,,"Douche, toilet",1,1910.0,Bestaande bouw,In overleg,,,,"Remeha Tzerra M28 plus cw4 uit 2017, Eigendom",Cv-ketel,Dakisolatie,,,,,,,82,,,"Betaald parkeren, Parkeervergunningen",Zadeldak,5,Beschikbaar,297,Cv-ketel
54,Utrecht,2021-09-16,3531 TK,300000,Billitonkade 64,https://mijn.makelaarsland.nl/woning-details/2549611,,"Appartement, Benedenwoning",,"Ligbad, douche",1,1910.0,Bestaande bouw,In overleg,6,1e woonlaag,1,,Cv-ketel,"Dakisolatie, Dubbel glas",Ja,150,Ja,Ja,Ja,Ja,45,"Aan water, Aan rustige weg, In woonwijk, Vrij uitzicht",,"Betaald parkeren, Parkeervergunningen",,2,Beschikbaar,174,Cv-ketel
55,Utrecht,2021-09-16,3514 TX,595000,Nieuwe Keizersgracht 33 bis,https://mijn.makelaarsland.nl/woning-details/2549648,TV kabel,"Appartement, Bovenwoning",Balkon aanwezig,"Ligbad, douche",1,1903.0,Bestaande bouw,In overleg,,1e woonlaag,2,Remeha,Cv-ketel,"Dakisolatie, Vloerisolatie, Dubbel glas",Ja,54,Ja,Ja,Ja,Ja,103,,6,Parkeervergunningen,Plat dak,5,Beschikbaar,283,Cv-ketel
56,Utrecht,2021-09-16,3543 EB,375000,Louis Armstronglaan 734,https://mijn.makelaarsland.nl/woning-details/2549651,Voorzien van elektra,"Appartement, Portiekflat",Balkon aanwezig,Douche,1,2020.0,Bestaande bouw,In overleg,5,2e woonlaag,1,,"Stadsverwarming, Vloerverwarming geheel",Volledig geïsoleerd,Ja,134,Ja,Ja,Ja,Ja,66,In woonwijk,13,"Openbaar parkeren, Op afgesloten terrein",Plat dak bedekt met bitumineuze dakbedekking,3,Beschikbaar,219,Stadsverwarming
57,Utrecht,2021-09-16,3521 DG,489000,Voorsterbeeklaan 114,https://mijn.makelaarsland.nl/woning-details/2549774,"Mechanische ventilatie, TV kabel, Lift","Appartement, Benedenwoning",,"Ligbad, douche",1,2005.0,Bestaande bouw,In overleg,5,1e woonlaag,1,,Stadsverwarming,Volledig geïsoleerd,Ja,236,Ja,Ja,Ja,Ja,97,In woonwijk,,"Openbaar parkeren, Parkeergarage",Plat dak,3,Beschikbaar,265,Stadsverwarming
58,Utrecht,2021-09-16,3523 AN,295000,Tolsteegplantsoen 44 I,https://mijn.makelaarsland.nl/woning-details/2549872,,"Appartement, Portiekflat",Balkon aanwezig,Ligbad,1,1958.0,Bestaande bouw,In overleg,5,2e woonlaag,1,"Intergas, Eigendom",Cv-ketel,Dubbel glas,Ja,112,Ja,Ja,Ja,Ja,60,"Aan rustige weg, In woonwijk, Vrij uitzicht",7,Parkeervergunningen,Zadeldak bedekt met bitumineuze dakbedekking,3,Beschikbaar,193,Cv-ketel
59,Utrecht,2021-09-16,3582 SR,375000,Laan van Soestbergen 15,https://mijn.makelaarsland.nl/woning-details/2549873,,"Appartement, Benedenwoning",,Douche,1,1925.0,Bestaande bouw,In overleg,,1e woonlaag,1,"Remeha uit 2020, Eigendom",Cv-ketel,"Vloerisolatie, Dubbel glas",Ja,,Ja,Ja,Ja,Ja,67,"Aan rustige weg, In woonwijk",,Parkeervergunningen,"Samengesteld dak bedekt met pannen, bitumineuze dakbedekking",3,Beschikbaar,219,Cv-ketel
60,Utrecht,2021-09-16,3523 TZ,550000,W.A. Vultostraat 136,https://mijn.makelaarsland.nl/woning-details/2549908,Voorzien van elektra,,,Ligbad,1,1936.0,Bestaande bouw,In overleg,20,,,"Nefit SmartLine HR uit 2003, Eigendom",Cv-ketel,"Dakisolatie, Muurisolatie, Vloerisolatie, Dubbel glas",,,,,,,111,In woonwijk,,"Betaald parkeren, Parkeervergunningen","Samengesteld dak bedekt met pannen, bitumineuze dakbedekking",5,Beschikbaar,384,Cv-ketel
61,Utrecht,2021-09-16,3522 HD,459500,Jutfaseweg 44,https://mijn.makelaarsland.nl/woning-details/2549912,"Airconditioning, Natuurlijke ventilatie","Appartement, Bovenwoning",Balkon aanwezig,"Douche, toilet",1,1900.0,Bestaande bouw,In overleg,,2e woonlaag,2,"Vaillant uit 2001, Eigendom",Cv-ketel,"Dakisolatie, Dubbel glas",Ja,,Ja,Ja,Ja,Ja,113,"In woonwijk, Vrij uitzicht",10,"Betaald parkeren, Parkeervergunningen","Samengesteld dak bedekt met pannen, bitumineuze dakbedekking",4,Beschikbaar,374,Cv-ketel
62,Utrecht,2021-09-16,3553 AP,399000,Burgemeester van Tuyllkade 132 BS,https://mijn.makelaarsland.nl/woning-details/2549933,,"Appartement, Bovenwoning",Balkon aanwezig,,1,1931.0,Bestaande bouw,In overleg,,1e woonlaag,2,,Cv-ketel,"Dakisolatie, Dubbel glas",Ja,75,Ja,Ja,Ja,Ja,97,"Aan rustige weg, In woonwijk",18,Openbaar parkeren,Plat dak bedekt met bitumineuze dakbedekking,4,Beschikbaar,322,Cv-ketel
63,Utrecht,2021-09-16,3515 BH,419000,Van der Mondestraat 26 a,https://mijn.makelaarsland.nl/woning-details/2548908,,,,,,1904.0,Bestaande bouw,In overleg,,,,,Cv-ketel,Dubbel glas,,,,,,,83,,16,"Openbaar parkeren, Betaald parkeren",Mansardedak,4,Beschikbaar,385,Cv-ketel
64,Utrecht,2021-09-16,3572 TV,500000,Grasstraat 3,https://mijn.makelaarsland.nl/woning-details/2548931,Dakraam,,,"Ligbad, toilet",1,1920.0,Bestaande bouw,In overleg,,,,"Remeha uit 2014, Eigendom",Cv-ketel,"Dakisolatie, Vloerisolatie, Dubbel glas",,,,,,,87,,12,"Betaald parkeren, Parkeervergunningen",Schilddak bedekt met pannen,5,Beschikbaar,308,Cv-ketel
65,Utrecht,2021-09-16,3551 TL,350000,Seringstraat 20,https://mijn.makelaarsland.nl/woning-details/2548826,TV kabel,,,Douche,1,1910.0,Bestaande bouw,In overleg,,,,,Cv-ketel,Gedeeltelijk dubbel glas,,,,,,,82,"Aan rustige weg, In woonwijk",9,Openbaar parkeren,Plat dak bedekt met bitumineuze dakbedekking,4,Beschikbaar,262,Cv-ketel
66,Utrecht,2021-09-16,3551 XG,425000,Groen van Prinstererstraat 40,https://mijn.makelaarsland.nl/woning-details/2547345,Voorzien van elektra,,,"Ligbad, douche, toilet",1,,Bestaande bouw,In overleg,5,,,,Cv-ketel,"Dakisolatie, Dubbel glas",,,,,,,78,"Aan rustige weg, In woonwijk",,,,4,Beschikbaar,281,Cv-ketel
67,Utrecht,2021-09-16,3555 AP,319000,Plesmanlaan 58 2,https://mijn.makelaarsland.nl/woning-details/2549935,,"Appartement, Galerijflat",,Douche,1,1953.0,Bestaande bouw,In overleg,,0e woonlaag,2,"Remeha Avanta uit 2007, Eigendom",Cv-ketel,Dubbel glas,Ja,104,Ja,Ja,Ja,Ja,103,,,Openbaar parkeren,Plat dak,4,Beschikbaar,347,
68,Utrecht,2021-09-16,3582 GA,375000,Koningsweg 35,https://mijn.makelaarsland.nl/woning-details/2550018,"Voorzien van verwarming, Voorzien van elektra, Voorzien van water",,,Toilet,1,1910.0,Bestaande bouw,In overleg,6,,,,Cv-ketel,"Dakisolatie, Dubbel glas",,,,,,,60,,,"Openbaar parkeren, Betaald parkeren, Parkeervergunningen",Mansardedak bedekt met pannen,2,Beschikbaar,214,Cv-ketel
69,Utrecht,2021-09-16,3583 AR,435000,Ferdinand Bolstraat 20,https://mijn.makelaarsland.nl/woning-details/2550171,Voorzien van elektra,,,"Douche, toilet",1,1913.0,Bestaande bouw,In overleg,3,,,"Nefit trendline HRC30 CW5 uit 2015, Eigendom","Cv-ketel, Mogelijkheid voor openhaard","Dakisolatie, Dubbel glas",,,,,,,75,In woonwijk,,"Betaald parkeren, Parkeervergunningen",Zadeldak bedekt met pannen,4,Beschikbaar,306,Cv-ketel
70,Utrecht,2021-09-16,3561 EA,350000,Fortunadreef 33,https://mijn.makelaarsland.nl/woning-details/2550213,Lift,"Appartement, Portiekflat",Balkon aanwezig,"Douche, toilet",1,2008.0,Bestaande bouw,In overleg,2,3e woonlaag,1,,Stadsverwarming,Volledig geïsoleerd,Ja,138,Ja,Ja,Ja,Ja,108,In woonwijk,20,Openbaar parkeren,Plat dak bedekt met bitumineuze dakbedekking,4,Beschikbaar,348,Centrale Voorziening
71,Utrecht,2021-09-16,3513 AN,350000,Beverstraat 17,https://mijn.makelaarsland.nl/woning-details/2550225,Rookkanaal,"Appartement, Benedenwoning",,Toilet,1,1904.0,Bestaande bouw,In overleg,2,1e woonlaag,1,Intergas Kombi Kompakt HRE 28/24A CW4 uit 2019,Cv-ketel,Dubbel glas,Ja,25,Ja,Ja,Ja,Ja,54,"Aan park, Aan rustige weg, In woonwijk, Vrij uitzicht",,"Openbaar parkeren, Betaald parkeren, Parkeervergunningen",Samengesteld dak,3,Beschikbaar,224,Cv-ketel
72,Utrecht,2021-09-16,3524 DW,265000,Oeral 32,https://mijn.makelaarsland.nl/woning-details/2550239,Voorzien van elektra,"Appartement, Benedenwoning",,Douche,1,1982.0,Bestaande bouw,In overleg,5,1e woonlaag,1,"Remeha uit 2011, Eigendom",Cv-ketel,"Dakisolatie, Muurisolatie, Grotendeels dubbelglas",Ja,162,Ja,Ja,Ja,Ja,56,"Aan rustige weg, In woonwijk",,Openbaar parkeren,Dwarskap bedekt met pannen,2,Beschikbaar,174,Cv-ketel
73,Utrecht,2021-09-16,3552 BJ,450000,Larixstraat 7,https://mijn.makelaarsland.nl/woning-details/2550350,,,,Toilet,1,1949.0,Bestaande bouw,In overleg,,,,cv-combi uit 2007,Cv-ketel,"Dakisolatie, Muurisolatie",,,,,,,100,,8,"Betaald parkeren, Parkeervergunningen",Zadeldak bedekt met pannen,5,Beschikbaar,390,Cv-ketel
74,Utrecht,2021-09-16,3572 GB,750000,Zandhofsestraat 39,https://mijn.makelaarsland.nl/woning-details/2550355,Voorzien van elektra,,Dakterras aanwezig,"Ligbad, douche, toilet",1,1880.0,Bestaande bouw,In overleg,14,,,,"Cv-ketel, Openhaard","Dakisolatie, Muurisolatie, Grotendeels dubbelglas",,,,,,,137,"Aan rustige weg, In woonwijk",8,"Betaald parkeren, Parkeervergunningen",Samengesteld dak bedekt met pannen,5,Beschikbaar,552,Cv-ketel
75,Utrecht,2021-09-16,3572 RH,750000,Staalstraat 41,https://mijn.makelaarsland.nl/woning-details/2550396,,"Appartement, Benedenwoning",,"Ligbad, toilet",1,,Bestaande bouw,In overleg,10,1e woonlaag,2,"Remeha uit 2016, Eigendom","Cv-ketel, Vloerverwarming gedeeltelijk",,Ja,,Ja,Ja,Ja,Ja,120,"Aan rustige weg, In woonwijk",,"Betaald parkeren, Parkeervergunningen",Zadeldak bedekt met pannen,4,Beschikbaar,396,Cv-ketel
76,Utrecht,2021-09-16,3544 MN,925000,Parkzichtlaan 394,https://mijn.makelaarsland.nl/woning-details/2550411,"Mechanische ventilatie, TV kabel, Glasvezel kabel, Natuurlijke ventilatie",,,"Ligbad, 2 douches, toilet",2,2010.0,Bestaande bouw,In overleg,,,,"Intergas uit 2010, Eigendom","Cv-ketel, Vloerverwarming gedeeltelijk","Dakisolatie, Muurisolatie, Vloerisolatie, Dubbel glas, Volledig geïsoleerd, HR-glas",,,,,,,210,"Aan park, Aan drukke weg, In woonwijk",,"Openbaar parkeren, Op eigen terrein",Plat dak bedekt met bitumineuze dakbedekking,6,Beschikbaar,843,Cv-ketel
77,Utrecht,2021-09-16,3551 EN,400000,Concordiastraat 22,https://mijn.makelaarsland.nl/woning-details/2550436,"TV kabel, Rookkanaal, Natuurlijke ventilatie",,,Douche,1,1911.0,Bestaande bouw,In overleg,3,,,,,,,,,,,,86,,,"Betaald parkeren, Parkeervergunningen","Samengesteld dak bedekt met pannen, bitumineuze dakbedekking",4,Beschikbaar,558,
78,Utrecht,2021-09-16,3523 RV,265000,Lamstraat 53,https://mijn.makelaarsland.nl/woning-details/2550450,,"Appartement, Portiekflat",Dakterras aanwezig,Douche,1,1979.0,Bestaande bouw,In overleg,5,0e woonlaag,1,,Cv-ketel,,Ja,39,Ja,Ja,Ja,Ja,43,"Aan rustige weg, In woonwijk",11,,,2,Beschikbaar,140,Cv-ketel
79,Utrecht,2021-09-16,3522 KB,339000,Giessenplein 8,https://mijn.makelaarsland.nl/woning-details/2550453,Natuurlijke ventilatie,"Appartement, Galerijflat",Balkon aanwezig,Ligbad,1,1989.0,Bestaande bouw,In overleg,6,0e woonlaag,1,"Bosch uit 2006, Eigendom",Cv-ketel,,Ja,95,Ja,Ja,Ja,Ja,70,,9,,,3,Beschikbaar,211,Cv-ketel
80,Utrecht,2021-09-16,3541 AK,669000,Prof. Jan Bronnerlaan 193,https://mijn.makelaarsland.nl/woning-details/2550455,Voorzien van elektra,,Frans balkon aanwezig,"Ligbad, douche",1,2012.0,Bestaande bouw,In overleg,5,,,,Stadsverwarming,"Dakisolatie, Muurisolatie, Vloerisolatie, Dubbel glas, Volledig geïsoleerd",,,,,,,148,"Aan rustige weg, In woonwijk",,"Openbaar parkeren, Op eigen terrein",Plat dak bedekt met bitumineuze dakbedekking,7,Beschikbaar,530,"Centrale Voorziening, Stadsverwarming"
81,Utrecht,2021-09-16,3552 HD,270000,Marnixlaan 18,https://mijn.makelaarsland.nl/woning-details/2550456,,"Appartement, Benedenwoning",,2 douches,1,1919.0,Bestaande bouw,In overleg,,1e woonlaag,1,,Cv-ketel,HR-glas,,,,,,,42,Aan drukke weg,,,Plat dak,2,Beschikbaar,147,Cv-ketel
82,Utrecht,2021-09-16,3533 JS,300000,Deliuslaan 30,https://mijn.makelaarsland.nl/woning-details/2550458,,"Appartement, Portiekflat",Balkon aanwezig,Douche,1,1960.0,Bestaande bouw,In overleg,6,1e woonlaag,1,,Stadsverwarming,Dubbel glas,Ja,142,Ja,Ja,Ja,Ja,75,"Aan rustige weg, In woonwijk, Vrij uitzicht",4,"Betaald parkeren, Parkeervergunningen",Plat dak,4,Beschikbaar,240,Geiser eigendom
83,Utrecht,2021-09-16,3545 DG,592000,Type C2 | Hoekwoningen 0 ong,https://mijn.makelaarsland.nl/woning-details/2552812,Voorzien van elektra,,,"Douche, toilet",1,2023.0,Nieuwbouw,In overleg,,,,,Stadsverwarming,Volledig geïsoleerd,,,,,,,127,In woonwijk,,Openbaar parkeren,Zadeldak bedekt met pannen,5,Beschikbaar,514,
84,Utrecht,2021-09-16,3514 GB,435000,Willem van Noortstraat 45 A,https://mijn.makelaarsland.nl/woning-details/2552865,,"Appartement, Bovenwoning",,,,1906.0,Bestaande bouw,In overleg,,1e woonlaag,1,,Cv-ketel,,Ja,90,Ja,Ja,Ja,Ja,73,,37,Betaald parkeren,Plat dak bedekt met bitumineuze dakbedekking,2,Beschikbaar,241,Cv-ketel
85,Utrecht,2021-09-16,3582 SP,339000,Laan van Soestbergen 5,https://mijn.makelaarsland.nl/woning-details/2552883,"Voorzien van elektra, Voorzien van water","Appartement, Benedenwoning",,Ligbad,1,1932.0,Bestaande bouw,In overleg,4,1e woonlaag,1,,Cv-ketel,"Dakisolatie, Muurisolatie, Dubbel glas",Ja,58,Ja,Ja,Ja,Ja,60,"Aan rustige weg, In woonwijk, Vrij uitzicht, Beschutte ligging",,"Betaald parkeren, Parkeervergunningen",,3,Beschikbaar,214,Cv-ketel
86,Utrecht,2021-09-16,3524 BZ,375000,Hondsrug 645,https://mijn.makelaarsland.nl/woning-details/2552888,Voorzien van elektra,"Appartement, Maisonnette",Balkon aanwezig,"2 douches, 2 toiletten",2,1979.0,Bestaande bouw,In overleg,7,2e woonlaag,3,"Remeha uit 2015, Eigendom",Cv-ketel,Dubbel glas,Ja,201,Ja,Ja,Ja,Ja,103,"Aan water, Aan rustige weg, In woonwijk, Vrij uitzicht",26,Openbaar parkeren,Zadeldak bedekt met pannen,4,Beschikbaar,377,Cv-ketel
87,Utrecht,2021-09-16,3563 WD,275000,Paranadreef 71,https://mijn.makelaarsland.nl/woning-details/2552894,"Mechanische ventilatie, TV kabel","Appartement, Galerijflat",Balkon aanwezig,Douche,1,1991.0,Bestaande bouw,In overleg,3,2e woonlaag,4,"AWB uit 2015, Eigendom",Cv-ketel,"Dakisolatie, Muurisolatie, Vloerisolatie, Dubbel glas",Ja,150,Ja,Ja,Ja,Ja,82,In woonwijk,4,Openbaar parkeren,Plat dak bedekt met bitumineuze dakbedekking,3,Beschikbaar,243,Cv-ketel
88,Utrecht,2021-09-16,3573 AJ,375000,Aartsbisschop Romerostraat 203,https://mijn.makelaarsland.nl/woning-details/2552960,"Mechanische ventilatie, Rolluiken, TV kabel","Appartement, Benedenwoning",,,1,1989.0,Bestaande bouw,In overleg,7,1e woonlaag,5,"Nefit HR uit 2007, Eigendom",Cv-ketel,"Dakisolatie, Muurisolatie, Vloerisolatie, Dubbel glas",Ja,81,Ja,Ja,Ja,Ja,80,In woonwijk,,Openbaar parkeren,Plat dak,3,Beschikbaar,278,Cv-ketel
89,Utrecht,2021-09-16,3527 ES,300000,Auriollaan 83,https://mijn.makelaarsland.nl/woning-details/2553008,,"Appartement, Portiekflat",Balkon aanwezig,Douche,1,,Bestaande bouw,In overleg,,4e woonlaag,1,"Intergas uit 2016, Eigendom",Cv-ketel,"Dubbel glas, Volledig geïsoleerd",Ja,101,Ja,Ja,Ja,Ja,76,"In woonwijk, Vrij uitzicht",8,Openbaar parkeren,Plat dak bedekt met bitumineuze dakbedekking,3,Beschikbaar,247,Cv-ketel
90,Utrecht,2021-09-16,3515 BX,585000,Willem van Abcoudeplein 22,https://mijn.makelaarsland.nl/woning-details/2553053,Natuurlijke ventilatie,,,"Douche, toilet",1,1932.0,Bestaande bouw,In overleg,5,,,,Gaskachels,Geen isolatie,,,,,,,84,"Aan rustige weg, In woonwijk, Vrij uitzicht",,"Openbaar parkeren, Betaald parkeren, Parkeervergunningen",Zadeldak bedekt met pannen,5,Beschikbaar,396,Geiser eigendom
91,Utrecht,2021-09-16,3521 AE,279000,Fruitstraat 50 G,https://mijn.makelaarsland.nl/woning-details/2553125,,"Appartement, Benedenwoning",,Douche,1,2013.0,Bestaande bouw,In overleg,,1e woonlaag,1,,Cv-ketel,"Dakisolatie, Vloerisolatie, Dubbel glas",Ja,,Ja,Ja,Ja,Ja,39,"Aan rustige weg, In centrum, In woonwijk",,,,2,Beschikbaar,154,Centrale Voorziening
92,Utrecht,2021-09-16,3581 KC,1500,Van Hogendorpstraat 21,https://mijn.makelaarsland.nl/woning-details/2553205,,,Balkon aanwezig,"Ligbad, douche",2,1920.0,Bestaande bouw,In overleg,,,,,Cv-ketel,,,,,,,,218,In woonwijk,10,"Openbaar parkeren, Betaald parkeren, Parkeervergunningen",,7,Beschikbaar,862,Cv-ketel
93,Utrecht,2021-09-16,3555 HL,435000,Amsterdamsestraatweg 861,https://mijn.makelaarsland.nl/woning-details/2553345,"TV kabel, Natuurlijke ventilatie",,,Ligbad,1,1919.0,Bestaande bouw,In overleg,14,,,,Cv-ketel,Gedeeltelijk dubbel glas,,,,,,,112,In woonwijk,10,Openbaar parkeren,Zadeldak bedekt met pannen,6,Beschikbaar,455,Cv-ketel
94,Utrecht,2021-09-16,3553 HG,485000,Sweder van Zuylenweg 52,https://mijn.makelaarsland.nl/woning-details/2553347,"TV kabel, Schuifpui, Natuurlijke ventilatie",,,Douche,1,1936.0,Bestaande bouw,In overleg,10,,,"Vaillant uit 2011, Eigendom",Cv-ketel,Dubbel glas,,,,,,,127,"Aan rustige weg, In woonwijk",8,Openbaar parkeren,Zadeldak bedekt met pannen,6,Beschikbaar,422,Cv-ketel
95,Utrecht,2021-09-16,3552 GM,339000,Morelstraat 77 bis,https://mijn.makelaarsland.nl/woning-details/2551013,,"Appartement, Bovenwoning",Balkon aanwezig,Douche,1,1934.0,Bestaande bouw,In overleg,,0e woonlaag,2,"Nefit uit 2017, Eigendom",Cv-ketel,"Dakisolatie, Dubbel glas",Ja,100,Ja,Ja,Ja,Ja,89,,11,Openbaar parkeren,Plat dak,4,Beschikbaar,296,Centrale Voorziening
96,Utrecht,2021-09-16,3515 GM,495000,Verenigingdwarsstraat 32,https://mijn.makelaarsland.nl/woning-details/2551087,Voorzien van elektra,,,Douche,1,1905.0,Bestaande bouw,In overleg,10,,,"Nefit Trendline HRC25 uit 2014, Eigendom",Cv-ketel,"Dakisolatie, Dubbel glas",,,,,,,83,"Aan rustige weg, In woonwijk",,"Betaald parkeren, Parkeervergunningen","Samengesteld dak bedekt met pannen, bitumineuze dakbedekking",3,Beschikbaar,297,Cv-ketel
97,Utrecht,2021-09-16,3581 SW,600000,Haagstraat 3,https://mijn.makelaarsland.nl/woning-details/2550489,,,Balkon aanwezig,,1,,Bestaande bouw,In overleg,,,,"Remeha uit 2015, Eigendom",Cv-ketel,"Dakisolatie, Muurisolatie, Gedeeltelijk dubbel glas",,,,,,,87,In woonwijk,1,Betaald parkeren,"Zadeldak bedekt met pannen, bitumineuze dakbedekking",4,Beschikbaar,357,Cv-ketel
98,Utrecht,2021-09-16,3515 EK,795000,Draaiweg 97,https://mijn.makelaarsland.nl/woning-details/2550560,"Mechanische ventilatie, TV kabel, Rookkanaal",,Dakterras aanwezig,"Ligbad, 2 douches, 3 toiletten",3,1930.0,Bestaande bouw,In overleg,,,,"Remeha Avanta uit 2005, Eigendom","Cv-ketel, Vloerverwarming gedeeltelijk","Dakisolatie, Dubbel glas",,,,,,,165,"In centrum, In woonwijk",18,Betaald parkeren,"Samengesteld dak bedekt met pannen, bitumineuze dakbedekking",5,Beschikbaar,547,"Cv-ketel, Elektrische boiler eigendom"
99,Utrecht,2021-09-16,3571 KR,585000,Prof. Zonnebloemlaan 21,https://mijn.makelaarsland.nl/woning-details/2550666,"Elektra, Elektrische deur","Appartement, Galerijflat",Balkon aanwezig,Toilet,1,1999.0,Bestaande bouw,In overleg,9,1e woonlaag,1,,Cv-ketel,Dubbel glas,Ja,218,Ja,Ja,Ja,Ja,114,In woonwijk,9,"Betaald parkeren, Parkeervergunningen",Plat dak,3,Beschikbaar,342,Cv-ketel
100,Utrecht,2021-09-16,3583 RK,450000,Govert Flinckstraat 2,https://mijn.makelaarsland.nl/woning-details/2550908,"TV kabel, Natuurlijke ventilatie",,,Toilet,1,1915.0,Bestaande bouw,In overleg,,,,,Cv-ketel,"Dakisolatie, Muurisolatie, Dubbel glas",,,,,,,69,"Aan rustige weg, In woonwijk",,Betaald parkeren,Samengesteld dak bedekt met bitumineuze dakbedekking,3,Beschikbaar,246,Cv-ketel
101,Utrecht,2021-09-16,3571 ET,829000,Prof. Dr. Magnuslaan 8,https://mijn.makelaarsland.nl/woning-details/2550980,Voorzien van elektra,,Balkon aanwezig,Toilet,1,1936.0,Bestaande bouw,In overleg,21,,,"Bosch uit 2010, Eigendom","Cv-ketel, Vloerverwarming gedeeltelijk","Dakisolatie, Dubbel glas",,,,,,,126,"Aan rustige weg, In woonwijk",7,Openbaar parkeren,Zadeldak bedekt met pannen,6,Beschikbaar,455,Cv-ketel
102,Utrecht,2021-09-16,3562 HC,300000,Muylenborchdreef 39,https://mijn.makelaarsland.nl/woning-details/2550997,Voorzien van elektra,,,Douche,1,1964.0,Bestaande bouw,In overleg,25,,,"Remeha uit 2013, Eigendom",Cv-ketel,Geen isolatie,,,,,,,79,"Aan rustige weg, In woonwijk",,Openbaar parkeren,Plat dak bedekt met bitumineuze dakbedekking,4,Beschikbaar,269,Cv-ketel
103,Utrecht,2021-09-16,3584 HH,395000,Albert van Dalsumlaan 357,https://mijn.makelaarsland.nl/woning-details/2551000,,"Appartement, Maisonnette",Balkon aanwezig,"Douche, toilet",1,1979.0,Bestaande bouw,In overleg,4,4e woonlaag,5,,Stadsverwarming,Dubbel glas,Ja,,Ja,Ja,Ja,Ja,82,In woonwijk,10,,,3,Beschikbaar,277,Centrale Voorziening
104,Utrecht,2021-09-16,3572 HP,1175,Poortstraat 128,https://mijn.makelaarsland.nl/woning-details/2548955,Voorzien van elektra,,"Dakterras aanwezig, frans balkon aanwezig","Ligbad, douche, 2 toiletten",2,1898.0,Bestaande bouw,In overleg,8,,,,"Cv-ketel, Openhaard","Dakisolatie, Dubbel glas",,,,,,,182,"In centrum, In woonwijk, Beschutte ligging",20,"Betaald parkeren, Parkeervergunningen",Zadeldak bedekt met pannen,7,Beschikbaar,647,Cv-ketel
105,Utrecht,2021-09-16,3526 BJ,265000,Rooseveltlaan 704,https://mijn.makelaarsland.nl/woning-details/2548971,,"Appartement, Portiekflat",Balkon aanwezig,Douche,1,,Bestaande bouw,In overleg,7,0e woonlaag,1,,Cv-ketel,Dubbel glas,Ja,183,Ja,Ja,Ja,Ja,69,,3,Openbaar parkeren,,3,Beschikbaar,224,
106,Utrecht,2021-09-16,3515 AV,500000,Antonius Matthaeuslaan 96,https://mijn.makelaarsland.nl/woning-details/2549043,"Voorzien van elektra, Voorzien van water","Appartement, Benedenwoning",Balkon aanwezig,Douche,1,1926.0,Bestaande bouw,In overleg,,1e woonlaag,3,,Cv-ketel,Dubbel glas,Nee,,Nee,Nee,Nee,Nee,96,In woonwijk,4,,"Samengesteld dak bedekt met pannen, bitumineuze dakbedekking",4,Beschikbaar,359,Cv-ketel
107,Utrecht,2021-09-16,3571 PG,350000,Hijmans van den Berghlaan 176,https://mijn.makelaarsland.nl/woning-details/2549149,"TV kabel, Lift, Natuurlijke ventilatie","Appartement, Portiekflat",Balkon aanwezig,Douche,1,1960.0,Bestaande bouw,In overleg,6,1e woonlaag,1,,Blokverwarming,Dubbel glas,Ja,327,Ja,Ja,Ja,Ja,108,,18,"Betaald parkeren, Parkeervergunningen",Plat dak bedekt met bitumineuze dakbedekking,4,Beschikbaar,339,Elektrische boiler huur
108,Utrecht,2021-09-16,3531 GA,449000,Daendelsstraat 7 bis,https://mijn.makelaarsland.nl/woning-details/2549152,"Mechanische ventilatie, TV kabel, Natuurlijke ventilatie","Appartement, Bovenwoning",Dakterras aanwezig,,1,1910.0,Bestaande bouw,In overleg,,2e woonlaag,3,,Cv-ketel,"Dakisolatie, Dubbel glas",Ja,45,Ja,Ja,Ja,Ja,90,"Aan rustige weg, In woonwijk",4,Parkeervergunningen,Plat dak bedekt met bitumineuze dakbedekking,4,Beschikbaar,276,Cv-ketel
109,Utrecht,2021-09-16,3532 HH,550000,Vleutenseweg 389,https://mijn.makelaarsland.nl/woning-details/2549185,,,Balkon aanwezig,"Stoomcabine, ligbad, 2 douches, toilet",2,1937.0,Bestaande bouw,In overleg,7,,,"Vaillant EcoTec Plus uit 2012, Eigendom",Cv-ketel,Dubbel glas,,,,,,,119,In woonwijk,4,"Betaald parkeren, Parkeervergunningen",Zadeldak,5,Beschikbaar,450,Cv-ketel
110,Utrecht,2021-09-16,3572 RN,429000,Goedestraat 63,https://mijn.makelaarsland.nl/woning-details/2549245,Mechanische ventilatie,,,"Douche, toilet",1,1860.0,Bestaande bouw,In overleg,,,,"HR CV-combiketel Vaillant uit 2012, Eigendom",Cv-ketel,,,,,,,,67,In woonwijk,,Parkeervergunningen,Zadeldak bedekt met pannen,3,Beschikbaar,267,Cv-ketel
111,Utrecht,2021-09-16,3532 HP,289000,Vleutenseweg 210,https://mijn.makelaarsland.nl/woning-details/2549250,Voorzien van elektra,"Appartement, Benedenwoning",,"Douche, toilet",1,1929.0,Bestaande bouw,In overleg,5,1e woonlaag,1,"Remeha uit 2012, Eigendom",Cv-ketel,"Dakisolatie, Muurisolatie, Dubbel glas, HR-glas",Ja,102,Ja,Ja,Ja,Ja,37,Aan drukke weg,,"Betaald parkeren, Parkeervergunningen",,2,Beschikbaar,151,Cv-ketel
112,Utrecht,2021-09-16,3512 TL,649000,Predikherenstraat 15 -17,https://mijn.makelaarsland.nl/woning-details/2549258,Mechanische ventilatie,"Appartement, Benedenwoning",,Douche,1,1450.0,Bestaande bouw,In overleg,,1e woonlaag,2,"Ferroli uit 2013, Eigendom","Cv-ketel, Warmte terugwininstallatie","Muurisolatie, Gedeeltelijk dubbel glas",Ja,100,Ja,Ja,Ja,Ja,115,"Aan rustige weg, In centrum",,Parkeervergunningen,Zadeldak bedekt met pannen,3,Beschikbaar,510,Cv-ketel
113,Utrecht,2021-09-16,3546 PN,1795,Nedereindseweg 543,https://mijn.makelaarsland.nl/woning-details/1372217,"Verwarming, Elektra, Water, Vliering, Elektrische deur",,,"Ligbad, douche, toilet",1,,Bestaande bouw,In overleg,1552,,,"Nefit Excellent, Eigendom","Cv-ketel, Vloerverwarming gedeeltelijk",Dakisolatie,,,,,,,225,"Vrij uitzicht, Buiten bebouwde kom, Landelijk gelegen",,,Zadeldak bedekt met riet,10,Beschikbaar,600,"Cv-ketel, Elektrische boiler eigendom"
114,Utrecht,2021-09-16,3571 HM,146000,Rauwenhofflaan 154,https://mijn.makelaarsland.nl/woning-details/1233088,Voorzien van elektra,"Appartement, Galerijflat",Balkon aanwezig,"Douche, toilet",1,1960.0,Bestaande bouw,In overleg,4,7e woonlaag,1,,Stadsverwarming,,Ja,181,Ja,Ja,Ja,Ja,49,In woonwijk,4,Openbaar parkeren,Plat dak,2,Verkocht onder voorbehoud,138,Elektrische boiler huur
115,Utrecht,2021-09-16,3554 HW,225000,Prinses Ireneplateau 102,https://mijn.makelaarsland.nl/woning-details/1224585,,"Appartement, Bovenwoning",,,,2005.0,Bestaande bouw,Per 01 januari 2018,6,0e woonlaag,1,,,,Ja,130,Ja,Ja,Ja,Ja,91,,,Parkeergarage,,3,Verkocht onder voorbehoud,230,
116,Utrecht,2021-09-16,3515 ED,498000,Everard Foeckstraat 5,https://mijn.makelaarsland.nl/woning-details/1101538,"TV kabel, Dakraam",,,,,,Bestaande bouw,In overleg,,,,,Cv-ketel,,,,,,,,109,,,"Openbaar parkeren, Betaald parkeren, Parkeervergunningen",Zadeldak,5,Beschikbaar,399,Cv-ketel
117,Utrecht,2021-09-16,3532 GR,25000,Van der Palmstraat 1 A,https://mijn.makelaarsland.nl/woning-details/957178,,,,,,,Bestaande bouw,In overleg,,,,,,,,,,,,,,,,,,,Beschikbaar,,
118,Utrecht,2021-09-16,3512 GV,105000,Telingstraat 7,https://mijn.makelaarsland.nl/woning-details/845914,,,,,,,Bestaande bouw,In overleg,,,,,,,,,,,,,,,,,,,Beschikbaar,,
119,Utrecht,2021-09-16,3513 EW,20000,Westerdijk 16 V,https://mijn.makelaarsland.nl/woning-details/779022,,,,,,,Bestaande bouw,In overleg,,,,,,,,,,,,,,,,,,,Beschikbaar,,
120,Utrecht,2021-09-16,3555 VP,149000,C. van Maasdijkstraat 36 studio1,https://mijn.makelaarsland.nl/woning-details/721552,,"Appartement, Benedenwoning",,Douche,1,2008.0,Bestaande bouw,In overleg,5,1e woonlaag,1,,"Cv-ketel, Gashaard",Dubbel glas,Nee,,Nee,Nee,Nee,Nee,40,In woonwijk,,,,2,Verkocht onder voorbehoud,110,Geiser eigendom
121,Utrecht,2021-09-22,3553 HK,890000,Julianaparklaan 3,https://mijn.makelaarsland.nl/woning-details/2557369,Elektrische deur,,Balkon aanwezig,"Ligbad, 2 douches, toilet",2,1950.0,Bestaande bouw,In overleg,28,,,,,,,,,,,,197,"Aan park, In woonwijk",35,"Openbaar parkeren, Op eigen terrein",Zadeldak bedekt met pannen,8,Beschikbaar,754,Cv-ketel
122,Utrecht,2021-09-22,3544 PZ,600000,Woudsenderraklaan 270,https://mijn.makelaarsland.nl/woning-details/2556163,Voorzien van elektra,,Dakterras aanwezig,"Ligbad, toilet",1,2001.0,Bestaande bouw,In overleg,9,,,,Stadsverwarming,Dubbel glas,,,,,,,147,"Aan rustige weg, In woonwijk",6,Openbaar parkeren,Samengesteld dak bedekt met leisteen,5,Beschikbaar,504,Centrale Voorziening
123,Utrecht,2021-09-22,3581 LR,450000,Lindestraat 31,https://mijn.makelaarsland.nl/woning-details/2556192,"Mechanische ventilatie, TV kabel",,,"Ligbad, douche, toilet",1,1932.0,Bestaande bouw,In overleg,,,,,Cv-ketel,"Dakisolatie, Dubbel glas",,,,,,,75,"Aan rustige weg, In woonwijk",,"Betaald parkeren, Parkeervergunningen",Zadeldak bedekt met pannen,4,Beschikbaar,301,Cv-ketel
124,Utrecht,2021-09-22,3512 PE,1095,Lange Nieuwstraat 75,https://mijn.makelaarsland.nl/woning-details/2556279,"Dakraam, Natuurlijke ventilatie",,Dakterras aanwezig,"2 douches, toilet",2,1900.0,Bestaande bouw,In overleg,,,,"Remeha uit 2020, Eigendom","Cv-ketel, Vloerverwarming gedeeltelijk","Dakisolatie, Dubbel glas, Voorzetramen",,,,,,,173,In centrum,27,"Betaald parkeren, Parkeervergunningen","Samengesteld dak bedekt met pannen, bitumineuze dakbedekking",6,Beschikbaar,672,Cv-ketel
125,Utrecht,2021-09-22,3531 JC,485000,Laan van Nieuw-Guinea 55,https://mijn.makelaarsland.nl/woning-details/2556307,,,,"Ligbad, douche, toilet",1,1926.0,Bestaande bouw,In overleg,1,,,"Remeha uit 2010, Eigendom",Cv-ketel,"Dakisolatie, Dubbel glas",,,,,,,126,In woonwijk,,"Openbaar parkeren, Parkeervergunningen","Samengesteld dak bedekt met pannen, bitumineuze dakbedekking",6,Beschikbaar,342,Cv-ketel
126,Utrecht,2021-09-22,3571 TD,779000,Raiffeisenlaan 14,https://mijn.makelaarsland.nl/woning-details/2556323,Zonnepanelen,,,"Douche, toilet",1,1931.0,Bestaande bouw,In overleg,,,,,Cv-ketel,Geen isolatie,,,,,,,135,In woonwijk,,Openbaar parkeren,Zadeldak bedekt met pannen,4,Beschikbaar,531,Cv-ketel
127,Utrecht,2021-09-22,3523 GW,350000,Looplantsoen 60,https://mijn.makelaarsland.nl/woning-details/2556382,,"Appartement, Maisonnette",Balkon aanwezig,Douche,1,1958.0,Bestaande bouw,In overleg,,0e woonlaag,2,"Intergas Kombi Kompact HR22 uit 2010, Eigendom",Cv-ketel,Dubbel glas,Ja,161,Ja,Ja,Ja,Ja,88,"Aan rustige weg, In woonwijk",10,Openbaar parkeren,,6,Beschikbaar,313,Cv-ketel
128,Utrecht,2021-09-22,3552 XD,495000,Anthoniedijk 38,https://mijn.makelaarsland.nl/woning-details/2556570,Voorzien van elektra,,"Dakterras aanwezig, frans balkon aanwezig","Douche, toilet",1,2009.0,Bestaande bouw,In overleg,,,,"Intergas uit 2010, Eigendom",Cv-ketel,Volledig geïsoleerd,,,,,,,91,In woonwijk,18,"Op eigen terrein, Op afgesloten terrein",Plat dak bedekt met bitumineuze dakbedekking,5,Beschikbaar,362,Cv-ketel
129,Utrecht,2021-09-22,3581 MX,400000,Zonstraat 136,https://mijn.makelaarsland.nl/woning-details/2556581,"TV kabel, Rookkanaal",,Dakterras aanwezig,Douche,1,1926.0,Bestaande bouw,In overleg,,,,"Vaillant uit 1998, Eigendom","Cv-ketel, Openhaard",Grotendeels dubbelglas,,,,,,,76,In woonwijk,10,"Betaald parkeren, Parkeervergunningen",Plat dak bedekt met bitumineuze dakbedekking,4,Beschikbaar,300,Cv-ketel
130,Utrecht,2021-09-22,3572 GJ,725000,Zandhofsestraat 74,https://mijn.makelaarsland.nl/woning-details/2556641,,,,"Ligbad, douche, toilet",1,1890.0,Bestaande bouw,In overleg,,,,,Cv-ketel,Dubbel glas,,,,,,,126,"Aan rustige weg, In woonwijk",,"Openbaar parkeren, Betaald parkeren","Samengesteld dak bedekt met pannen, bitumineuze dakbedekking",5,Beschikbaar,471,Cv-ketel
131,Utrecht,2021-09-22,3584 HK,299000,Albert van Dalsumlaan 437,https://mijn.makelaarsland.nl/woning-details/2556650,,"Appartement, Benedenwoning",,Douche,1,1979.0,Bestaande bouw,In overleg,3,1e woonlaag,1,,Stadsverwarming,"Muurisolatie, Gedeeltelijk dubbel glas",Ja,132,Ja,Ja,Ja,Ja,61,"Aan park, Aan rustige weg, In woonwijk, Vrij uitzicht",,Openbaar parkeren,Zadeldak bedekt met pannen,2,Beschikbaar,209,Centrale Voorziening
132,Utrecht,2021-09-22,3553 JP,339000,Cornelis Mertenssstraat 47,https://mijn.makelaarsland.nl/woning-details/2556727,,"Appartement, Benedenwoning",,"Douche, toilet",1,1930.0,Bestaande bouw,In overleg,7,1e woonlaag,1,"Bosch uit 2012, Eigendom",Cv-ketel,Gedeeltelijk dubbel glas,Ja,48,Ja,Ja,Ja,Ja,65,,,,Plat dak,2,Beschikbaar,226,Cv-ketel
133,Utrecht,2021-09-22,3551 TJ,375000,Seringstraat 7,https://mijn.makelaarsland.nl/woning-details/2556962,,,,,1,,Bestaande bouw,In overleg,,,,,Cv-ketel,"Muurisolatie, Dubbel glas",,,,,,,64,"Aan rustige weg, In woonwijk",19,Betaald parkeren,"Samengesteld dak bedekt met pannen, bitumineuze dakbedekking",3,Beschikbaar,212,Cv-ketel
134,Utrecht,2021-09-22,3522 AA,399000,Croesestraat 17,https://mijn.makelaarsland.nl/woning-details/2557031,"Voorzien van elektra, Voorzien van water","Appartement, Benedenwoning",,Ligbad,1,1906.0,Bestaande bouw,In overleg,6,1e woonlaag,3,"Remeha uit 2013, Eigendom","Cv-ketel, Vloerverwarming gedeeltelijk",Gedeeltelijk dubbel glas,Nee,,Nee,Nee,Nee,Nee,69,"Aan rustige weg, In woonwijk",,"Betaald parkeren, Parkeervergunningen",Plat dak,3,Beschikbaar,193,Cv-ketel
135,Utrecht,2021-09-22,3572 ER,700000,Gildstraat 82,https://mijn.makelaarsland.nl/woning-details/2557076,"Mechanische ventilatie, Rolluiken",,,"Ligbad, douche, 2 toiletten",2,1896.0,Bestaande bouw,In overleg,,,,,Cv-ketel,"Dakisolatie, Dubbel glas",,,,,,,125,"Aan rustige weg, In woonwijk",,"Betaald parkeren, Parkeervergunningen",Zadeldak bedekt met pannen,6,Beschikbaar,473,Cv-ketel
136,Utrecht,2021-09-22,3512 PS,795000,Vrouwjuttenstraat 14,https://mijn.makelaarsland.nl/woning-details/2557142,Rookkanaal,,Balkon aanwezig,"Ligbad, douche",1,1989.0,Bestaande bouw,In overleg,,,,"Vaillant, Eigendom",Cv-ketel,"Dakisolatie, Muurisolatie, Dubbel glas",,,,,,,126,In centrum,7,"Openbaar parkeren, Betaald parkeren, Parkeervergunningen",,5,Beschikbaar,449,Cv-ketel
137,Utrecht,2021-09-22,3511 XB,1650,Geertekerkhof 5,https://mijn.makelaarsland.nl/woning-details/2557143,,,,"Ligbad, 2 douches, 2 toiletten",2,1875.0,Bestaande bouw,In overleg,4,,,,Cv-ketel,"Dakisolatie, Gedeeltelijk dubbel glas",,,,,,,253,In centrum,,"Openbaar parkeren, Betaald parkeren, Parkeervergunningen",,5,Beschikbaar,977,Cv-ketel
138,Utrecht,2021-09-22,3511 PC,649000,Oudegracht 327 b,https://mijn.makelaarsland.nl/woning-details/2557144,,"Appartement, Bovenwoning",,"Douche, toilet",1,,Bestaande bouw,In overleg,27,0e woonlaag,3,,"Gaskachels, Vloerverwarming gedeeltelijk",Gedeeltelijk dubbel glas,Ja,75,Ja,Ja,Ja,Ja,108,"In centrum, Vrij uitzicht",,"Openbaar parkeren, Betaald parkeren, Parkeervergunningen",,6,Beschikbaar,399,Elektrische boiler eigendom
139,Utrecht,2021-09-22,3581 KS,900000,Burgemeester Reigerstraat 30 Bis,https://mijn.makelaarsland.nl/woning-details/2557145,,"Appartement, Bovenwoning","Dakterras aanwezig, balkon aanwezig","Ligbad, douche, toilet",1,,Bestaande bouw,In overleg,,0e woonlaag,2,"Remeha, Eigendom",Cv-ketel,"Dakisolatie, Vloerisolatie, Dubbel glas",Ja,,Ja,Ja,Ja,Ja,113,Vrij uitzicht,54,"Openbaar parkeren, Betaald parkeren, Parkeervergunningen",,5,Beschikbaar,459,Cv-ketel
140,Utrecht,2021-09-22,3553 HV,325000,Marie Curielaan 40,https://mijn.makelaarsland.nl/woning-details/2557194,,"Appartement, Portiekflat",Balkon aanwezig,Douche,1,1955.0,Bestaande bouw,In overleg,2,1e woonlaag,1,,Cv-ketel,,Ja,156,Ja,Ja,Ja,Ja,76,In woonwijk,6,Openbaar parkeren,,4,Beschikbaar,230,
141,Utrecht,2021-09-22,3552 EX,350000,Laan van Chartroise 100 +P,https://mijn.makelaarsland.nl/woning-details/2555124,"Mechanische ventilatie, TV kabel, Lift","Appartement, Portiekflat",,,,2011.0,Bestaande bouw,In overleg,6,2e woonlaag,1,,Stadsverwarming,,Ja,166,Ja,Ja,Ja,Ja,75,In woonwijk,7,,,2,Beschikbaar,239,Stadsverwarming
142,Utrecht,2021-09-22,3543 EN,295000,Ella Fitzgeraldplein 219,https://mijn.makelaarsland.nl/woning-details/2555162,"Mechanische ventilatie, TV kabel, Schuifpui","Appartement, Galerijflat",,Douche,1,2014.0,Bestaande bouw,In overleg,5,1e woonlaag,1,,Stadsverwarming,Volledig geïsoleerd,Ja,94,Ja,Ja,Ja,Ja,67,In woonwijk,13,"Openbaar parkeren, Op afgesloten terrein",Plat dak bedekt met bitumineuze dakbedekking,2,Beschikbaar,215,Stadsverwarming
143,Utrecht,2021-09-22,3541 RM,575000,Kerrieweg 7,https://mijn.makelaarsland.nl/woning-details/2555189,Voorzien van elektra,,,"Ligbad, douche, toilet",1,2014.0,Bestaande bouw,In overleg,6,,,,Stadsverwarming,Volledig geïsoleerd,,,,,,,123,"Aan rustige weg, In centrum",,Openbaar parkeren,Zadeldak bedekt met pannen,5,Beschikbaar,437,Centrale Voorziening
144,Utrecht,2021-09-22,3511 NA,450000,Haverstraat 1 B,https://mijn.makelaarsland.nl/woning-details/2555235,"Mechanische ventilatie, TV kabel","Appartement, Portiekwoning",,"Ligbad, douche",1,1919.0,Bestaande bouw,In overleg,,5e woonlaag,1,,Cv-ketel,Muurisolatie,Ja,65,Ja,Ja,Ja,Ja,68,"In centrum, Vrij uitzicht",,"Betaald parkeren, Parkeervergunningen",Samengesteld dak,3,Beschikbaar,242,Cv-ketel
145,Utrecht,2021-09-22,3512 NC,399000,Zuilenstraat 2 C,https://mijn.makelaarsland.nl/woning-details/2555288,Natuurlijke ventilatie,"Appartement, Bovenwoning",Balkon aanwezig,"Ligbad, douche",1,1913.0,Bestaande bouw,In overleg,,2e woonlaag,1,"Nefit HR uit 2007, Eigendom",Cv-ketel,"Dakisolatie, Vloerisolatie, Dubbel glas",Ja,105,Ja,Ja,Ja,Ja,56,"Aan rustige weg, In centrum, In woonwijk",4,Betaald parkeren,Zadeldak bedekt met pannen,2,Beschikbaar,196,Centrale Voorziening
146,Utrecht,2021-09-22,3514 CB,499000,Adelaarstraat 39 bis,https://mijn.makelaarsland.nl/woning-details/2555330,"Frans balkon, Dakraam","Appartement, Bovenwoning","Balkon aanwezig, frans balkon aanwezig","Ligbad, douche, toilet",1,1904.0,Bestaande bouw,In overleg,,2e woonlaag,2,"Vaillant uit 2016, Eigendom",Cv-ketel,,Ja,50,Ja,Ja,Ja,Ja,93,In centrum,7,Betaald parkeren,Zadeldak bedekt met pannen,5,Beschikbaar,324,Cv-ketel
147,Utrecht,2021-09-22,3513 AP,475000,Beverstraat 49,https://mijn.makelaarsland.nl/woning-details/2555385,TV kabel,,,Ligbad,1,,Bestaande bouw,In overleg,,,,,Cv-ketel,Dubbel glas,,,,,,,100,"Aan rustige weg, In woonwijk",,Parkeervergunningen,"Samengesteld dak bedekt met pannen, bitumineuze dakbedekking",6,Beschikbaar,342,Cv-ketel
148,Utrecht,2021-09-22,3531 GN,550000,Laurens Reaalstraat 2,https://mijn.makelaarsland.nl/woning-details/2555402,,"Appartement, Benedenwoning",,"Ligbad, douche",1,1920.0,Bestaande bouw,In overleg,5,1e woonlaag,2,,Cv-ketel,Dubbel glas,Nee,,Nee,Nee,Nee,Nee,108,"Aan rustige weg, In woonwijk",,"Betaald parkeren, Parkeervergunningen","Samengesteld dak bedekt met pannen, bitumineuze dakbedekking",5,Beschikbaar,402,Cv-ketel
149,Utrecht,2021-09-22,3553 AP,375000,Burgemeester van Tuyllkade 136 bis,https://mijn.makelaarsland.nl/woning-details/2555417,TV kabel,"Appartement, Bovenwoning",Dakterras aanwezig,"Douche, toilet",1,1931.0,Bestaande bouw,In overleg,,2e woonlaag,3,"Bosch Gaswandketel 29 Vrc uit 2008, Eigendom",Cv-ketel,"Dakisolatie, Vloerisolatie, Gedeeltelijk dubbel glas",Ja,30,Ja,Ja,Ja,Ja,87,In woonwijk,17,Openbaar parkeren,Dwarskap bedekt met pannen,5,Beschikbaar,304,Cv-ketel
150,Utrecht,2021-09-22,3531 XM,375000,Priokstraat 23,https://mijn.makelaarsland.nl/woning-details/2555446,Rolluiken,,Balkon aanwezig,Douche,1,1931.0,Bestaande bouw,In overleg,,,,"Vaillant uit 2004, Eigendom",Cv-ketel,"Vloerisolatie, Dubbel glas",,,,,,,64,"Aan rustige weg, In woonwijk",12,"Betaald parkeren, Parkeervergunningen",Plat dak,3,Beschikbaar,241,Cv-ketel
151,Utrecht,2021-09-22,3522 BN,315000,Rijnlaan 38,https://mijn.makelaarsland.nl/woning-details/2555559,"Mechanische ventilatie, TV kabel","Appartement, Benedenwoning",,,1,1930.0,Bestaande bouw,In overleg,2,0e woonlaag,1,"Remeha uit 2011, Eigendom",Cv-ketel,"Dakisolatie, Muurisolatie, Vloerisolatie, Dubbel glas",Ja,,Ja,Ja,Ja,Ja,50,,,Openbaar parkeren,Zadeldak bedekt met pannen,2,Beschikbaar,167,Cv-ketel
152,Utrecht,2021-09-22,3514 TL,249000,Havikstraat 29 M,https://mijn.makelaarsland.nl/woning-details/2555567,Mechanische ventilatie,"Appartement, Portiekflat",,"Douche, toilet",1,1910.0,Bestaande bouw,In overleg,,3e woonlaag,1,"Remeha uit 2008, Eigendom",Cv-ketel,Dubbel glas,Ja,106,Ja,Ja,Ja,Ja,32,"In woonwijk, Vrij uitzicht",,"Betaald parkeren, Parkeervergunningen",Mansardedak bedekt met pannen,2,Beschikbaar,103,Cv-ketel
153,Utrecht,2021-09-22,3524 AZ,500000,Engelsmanplaat 26,https://mijn.makelaarsland.nl/woning-details/2554452,Voorzien van elektra,,,"Douche, toilet",1,2002.0,Bestaande bouw,In overleg,,,,Intergas uit 2018,Cv-ketel,Volledig geïsoleerd,,,,,,,120,In woonwijk,9,Openbaar parkeren,,4,Beschikbaar,398,"Cv-ketel, Geiser eigendom"
154,Utrecht,2021-09-22,3572 BC,175000,Biltstraat 32 9,https://mijn.makelaarsland.nl/woning-details/2554469,,"Appartement, Bovenwoning",,"Douche, toilet",1,2007.0,Bestaande bouw,In overleg,,2e woonlaag,1,,,,Nee,189,Nee,Nee,Nee,Nee,27,,,,,1,Beschikbaar,108,
155,Utrecht,2021-09-22,3514 TL,225000,Havikstraat 29 J,https://mijn.makelaarsland.nl/woning-details/2554523,TV kabel,"Appartement, Portiekflat",Balkon aanwezig,"Douche, toilet",1,,Bestaande bouw,In overleg,,1e woonlaag,1,"Remeha uit 2009, Eigendom",Cv-ketel,"Dakisolatie, Muurisolatie, Gedeeltelijk dubbel glas",Ja,64,Ja,Ja,Ja,Ja,27,In woonwijk,1,Parkeervergunningen,Zadeldak bedekt met pannen,2,Beschikbaar,104,Cv-ketel
156,Utrecht,2021-09-22,3551 EL,300000,Concordiastraat 53,https://mijn.makelaarsland.nl/woning-details/2554761,,,,,,1911.0,Bestaande bouw,In overleg,8,,,,Moederhaard,Gedeeltelijk dubbel glas,,,,,,,86,"Aan rustige weg, In woonwijk",,Betaald parkeren,Zadeldak bedekt met pannen,5,Beschikbaar,338,Geiser eigendom
157,Utrecht,2021-09-22,3541 SZ,620000,Saffraanweg 7,https://mijn.makelaarsland.nl/woning-details/2554821,Voorzien van elektra,,,,,,Bestaande bouw,In overleg,6,,,,Stadsverwarming,Volledig geïsoleerd,,,,,,,133,"Aan rustige weg, In woonwijk, Vrij uitzicht",,"Openbaar parkeren, Op eigen terrein",,5,Beschikbaar,469,Stadsverwarming
158,Utrecht,2021-09-22,3526 JG,295000,Livingstonelaan 696,https://mijn.makelaarsland.nl/woning-details/2554833,Lift,"Appartement, Galerijflat",Balkon aanwezig,,1,1964.0,Bestaande bouw,In overleg,,3e woonlaag,1,,"Blokverwarming, Vloerverwarming geheel",Dubbel glas,Ja,180,Ja,Ja,Ja,Ja,69,"Aan rustige weg, In woonwijk, Vrij uitzicht",,Openbaar parkeren,Plat dak,3,Beschikbaar,221,Elektrische boiler eigendom
159,Utrecht,2021-09-22,3564 CK,375000,Ramsesdreef 169,https://mijn.makelaarsland.nl/woning-details/2555583,Voorzien van elektra,,,"Ligbad, douche, toilet",1,1967.0,Bestaande bouw,In overleg,16,,,"Remeha uit 2008, Eigendom","Cv-ketel, Openhaard, Vloerverwarming gedeeltelijk","Muurisolatie, Vloerisolatie",,,,,,,137,"Aan park, Aan rustige weg, In woonwijk, Vrij uitzicht",,Openbaar parkeren,Zadeldak bedekt met pannen,7,Beschikbaar,458,Cv-ketel
160,Utrecht,2021-09-22,3553 SJ,379000,Adelboldstraat 48,https://mijn.makelaarsland.nl/woning-details/2555622,"Rolluiken, TV kabel, Buitenzonwering, Dakraam",,,Toilet,1,1931.0,Bestaande bouw,In overleg,7,,,"Vaillant uit 2007, Eigendom",Cv-ketel,"Dakisolatie, Muurisolatie, Vloerisolatie, Dubbel glas, HR-glas",,,,,,,76,In woonwijk,6,Openbaar parkeren,Zadeldak bedekt met pannen,4,Beschikbaar,258,Cv-ketel
161,Utrecht,2021-09-22,3544 DK,350000,Luzernevlinder 114,https://mijn.makelaarsland.nl/woning-details/2555626,,"Appartement, Portiekflat",Balkon aanwezig,Douche,1,2007.0,Bestaande bouw,In overleg,,0e woonlaag,1,,Stadsverwarming,,Ja,159,Ja,Ja,Ja,Ja,81,"Aan park, Vrij uitzicht",11,Op eigen terrein,,3,Beschikbaar,267,Centrale Voorziening
162,Utrecht,2021-09-22,3572 KD,365000,Blauwkapelseweg 95,https://mijn.makelaarsland.nl/woning-details/2555651,"Dakraam, Natuurlijke ventilatie","Appartement, Benedenwoning",,"Douche, toilet",1,1920.0,Bestaande bouw,In overleg,,1e woonlaag,1,"Remeha uit 2017, Eigendom",Cv-ketel,Dubbel glas,Ja,65,Ja,Ja,Ja,Ja,57,Aan park,,Betaald parkeren,"Samengesteld dak bedekt met pannen, bitumineuze dakbedekking",2,Beschikbaar,175,Cv-ketel
163,Utrecht,2021-09-22,3526 EX,350000,Cabotolaan 5,https://mijn.makelaarsland.nl/woning-details/2555734,Voorzien van elektra,,,"Ligbad, douche",1,1988.0,Bestaande bouw,In overleg,5,,,,Cv-ketel,"Dakisolatie, Muurisolatie, Dubbel glas",,,,,,,93,In woonwijk,,Openbaar parkeren,Samengesteld dak,4,Beschikbaar,360,Cv-ketel
164,Utrecht,2021-09-22,3534 RK,459000,Schoenerstraat 17,https://mijn.makelaarsland.nl/woning-details/2555817,Natuurlijke ventilatie,,Balkon aanwezig,"Ligbad, toilet",1,1941.0,Bestaande bouw,In overleg,4,,,"Vaillant uit 2015, Eigendom",Cv-ketel,Gedeeltelijk dubbel glas,,,,,,,94,"Aan rustige weg, In woonwijk",4,Openbaar parkeren,Zadeldak bedekt met pannen,4,Beschikbaar,342,Cv-ketel
165,Utrecht,2021-09-22,3533 JX,350000,Rachmaninoffplantsoen 44,https://mijn.makelaarsland.nl/woning-details/2555888,Lift,"Appartement, Portiekflat",Balkon aanwezig,Toilet,1,1965.0,Bestaande bouw,In overleg,6,9e woonlaag,1,,Blokverwarming,Dubbel glas,Ja,,Ja,Ja,Ja,Ja,92,Vrij uitzicht,9,Parkeervergunningen,Plat dak bedekt met bitumineuze dakbedekking,3,Beschikbaar,287,Centrale Voorziening
166,Utrecht,2021-09-22,3514 XM,799000,Van Swindenstraat 9,https://mijn.makelaarsland.nl/woning-details/2555918,,,Dakterras aanwezig,"Ligbad, 2 toiletten",2,1928.0,Bestaande bouw,Per 01 februari 2022,6,,,"Remeha uit 2017, Eigendom",Cv-ketel,,,,,,,,159,,15,"Betaald parkeren, Parkeervergunningen",Plat dak bedekt met bitumineuze dakbedekking,7,Beschikbaar,573,Cv-ketel
167,Utrecht,2021-09-22,3571 VH,825000,H. Copijnlaan 8,https://mijn.makelaarsland.nl/woning-details/2555977,,,Balkon aanwezig,"Douche, toilet",1,1931.0,Bestaande bouw,In overleg,15,,,"Intergas uit 2017, Eigendom",Cv-ketel,"Muurisolatie, Vloerisolatie",,,,,,,117,"Aan park, Aan rustige weg, In woonwijk, Vrij uitzicht",6,"Openbaar parkeren, Betaald parkeren, Op eigen terrein",Zadeldak bedekt met pannen,5,Beschikbaar,436,"Cv-ketel, Elektrische boiler eigendom"
168,Utrecht,2021-09-22,3532 XB,365000,Douwes Dekkerstraat 30 A,https://mijn.makelaarsland.nl/woning-details/2556103,,"Appartement, Bovenwoning",Dakterras aanwezig,Douche,1,1911.0,Bestaande bouw,In overleg,,3e woonlaag,1,"Remeha Avanta uit 2010, Eigendom",Cv-ketel,"Dakisolatie, Muurisolatie, Dubbel glas",Ja,50,Ja,Ja,Ja,Ja,56,"In woonwijk, Vrij uitzicht",21,"Betaald parkeren, Parkeervergunningen","Samengesteld dak bedekt met pannen, bitumineuze dakbedekking",3,Beschikbaar,192,Cv-ketel
169,Utrecht,2021-09-22,3551 AS,325000,Leliestraat 29,https://mijn.makelaarsland.nl/woning-details/2556109,,"Appartement, Benedenwoning",,"Douche, toilet",1,1935.0,Bestaande bouw,In overleg,9,1e woonlaag,1,"Remeha Calenta uit 2016, Eigendom",Cv-ketel,Dubbel glas,Ja,110,Ja,Ja,Ja,Ja,61,"Aan rustige weg, In woonwijk",,Parkeervergunningen,"Samengesteld dak bedekt met pannen, bitumineuze dakbedekking",3,Beschikbaar,197,Cv-ketel
170,Utrecht,2021-09-22,3524 XG,400000,Himalaya 86,https://mijn.makelaarsland.nl/woning-details/2556122,Voorzien van elektra,,,"Douche, toilet",1,1984.0,Bestaande bouw,In overleg,6,,,,Cv-ketel,Dubbel glas,,,,,,,91,In woonwijk,,Openbaar parkeren,Zadeldak bedekt met pannen,4,Beschikbaar,304,Cv-ketel
171,Utrecht,2021-09-22,3583 VS,895000,Frederik Hendrikstraat 146 bis,https://mijn.makelaarsland.nl/woning-details/2553479,,"Appartement, Bovenwoning",Balkon aanwezig,"Ligbad, douche, toilet",1,1913.0,Bestaande bouw,In overleg,,0e woonlaag,2,,Cv-ketel,"Dakisolatie, Muurisolatie, Dubbel glas",Ja,,Ja,Ja,Ja,Ja,195,In woonwijk,10,"Betaald parkeren, Parkeervergunningen","Samengesteld dak bedekt met pannen, bitumineuze dakbedekking",4,Beschikbaar,646,Cv-ketel
172,Utrecht,2021-09-22,3553 VL,325000,Herman Modedstraat 32,https://mijn.makelaarsland.nl/woning-details/2553583,Mechanische ventilatie,,,Douche,1,1926.0,Bestaande bouw,In overleg,1,,,"Bosch 28 HRC uit 2012, Eigendom",Cv-ketel,Dubbel glas,,,,,,,62,In woonwijk,,Openbaar parkeren,Zadeldak bedekt met pannen,3,Beschikbaar,235,Cv-ketel
173,Utrecht,2021-09-22,3552 RC,439000,Abeelstraat 17,https://mijn.makelaarsland.nl/woning-details/2553685,Natuurlijke ventilatie,,,"Ligbad, douche, toilet",1,1915.0,Bestaande bouw,In overleg,4,,,"Remeha uit 2006, Eigendom",Cv-ketel,Dubbel glas,,,,,,,68,"In woonwijk, Vrij uitzicht",,,Zadeldak bedekt met pannen,3,Beschikbaar,215,Cv-ketel
174,Utrecht,2021-09-22,3582 AE,1035,Tolsteegsingel 18,https://mijn.makelaarsland.nl/woning-details/2554190,Voorzien van elektra,"Appartement, Dubbel benedenhuis",,"Ligbad, douche, 2 toiletten",2,1880.0,Bestaande bouw,In overleg,10,0e woonlaag,2,"Calenta ACE 40c (CW5) uit 2021, Eigendom",Cv-ketel,"Vloerisolatie, Dubbel glas",Nee,,Nee,Nee,Nee,Nee,155,"Aan water, In centrum, Vrij uitzicht",18,Betaald parkeren,,5,Beschikbaar,505,Cv-ketel
175,Utrecht,2021-09-15,3582 EA,535000,Ledig Erf 4 A,https://mijn.makelaarsland.nl/woning-details/2545289,Domotica,"Appartement, Tussenverdieping",,,1,1996.0,Bestaande bouw,In overleg,,0e woonlaag,1,,Cv-ketel,"Dakisolatie, Muurisolatie, Vloerisolatie, Dubbel glas, Volledig geïsoleerd",Ja,31,Ja,Ja,Ja,Ja,66,"Aan water, In centrum, In woonwijk, Vrij uitzicht, Open ligging, Aan vaarwater",,"Openbaar parkeren, Betaald parkeren, Parkeervergunningen",,3,Beschikbaar,217,Cv-ketel
176,Utrecht,2021-09-15,3531 PD,300000,Sumatrastraat 20,https://mijn.makelaarsland.nl/woning-details/2545333,TV kabel,"Appartement, Benedenwoning",,"Douche, toilet",1,1904.0,Bestaande bouw,In overleg,,1e woonlaag,1,"Remeha Avanta uit 2018, Eigendom",Cv-ketel,Dubbel glas,Ja,40,Ja,Ja,Ja,Ja,52,"Aan rustige weg, In woonwijk",,"Betaald parkeren, Parkeervergunningen",Dwarskap bedekt met pannen,2,Beschikbaar,214,Cv-ketel
177,Utrecht,2021-09-15,3523 HD,310000,Slotlaan 42,https://mijn.makelaarsland.nl/woning-details/2545366,TV kabel,"Appartement, Portiekflat",Balkon aanwezig,Douche,,1960.0,Bestaande bouw,In overleg,4,4e woonlaag,1,"Remeha Avanta uit 2012, Eigendom",Cv-ketel,,Ja,110,Ja,Ja,Ja,Ja,62,"Aan rustige weg, In woonwijk, Vrij uitzicht",5,Openbaar parkeren,,2,Beschikbaar,205,Cv-ketel
178,Utrecht,2021-09-15,3544 NA,420000,Allure type III 0 ong,https://mijn.makelaarsland.nl/woning-details/2545410,Voorzien van elektra,"Appartement, Bovenwoning",Balkon aanwezig,Ligbad,1,2022.0,Nieuwbouw,In overleg,5,1e woonlaag,1,,Vloerverwarming gedeeltelijk,Volledig geïsoleerd,,,,,,,88,In woonwijk,6,Parkeergarage,Plat dak bedekt met bitumineuze dakbedekking,3,Beschikbaar,229,Centrale Voorziening
179,Utrecht,2021-09-15,3527 GT,245000,Monnetlaan 96,https://mijn.makelaarsland.nl/woning-details/2545574,"Mechanische ventilatie, TV kabel","Appartement, Portiekflat",Balkon aanwezig,,,1959.0,Bestaande bouw,In overleg,,2e woonlaag,1,"Intergas uit 2017, Eigendom",Cv-ketel,"Dubbel glas, Volledig geïsoleerd",Ja,68,Ja,Ja,Ja,Ja,41,"Aan rustige weg, In woonwijk",2,Openbaar parkeren,Plat dak bedekt met bitumineuze dakbedekking,2,Beschikbaar,136,Cv-ketel
180,Utrecht,2021-09-15,3544 NA,460000,Allure type V 0 ong,https://mijn.makelaarsland.nl/woning-details/2545597,"Mechanische ventilatie, Lift","Appartement, Bovenwoning",Balkon aanwezig,Ligbad,1,2022.0,Nieuwbouw,In overleg,5,7e woonlaag,1,,Vloerverwarming gedeeltelijk,Volledig geïsoleerd,,,,,,,100,In woonwijk,9,Parkeergarage,Plat dak bedekt met bitumineuze dakbedekking,4,Beschikbaar,260,Centrale Voorziening
181,Utrecht,2021-09-15,3552 AP,385000,Willem Hedastraat 8 bis,https://mijn.makelaarsland.nl/woning-details/2545604,,"Appartement, Maisonnette",Balkon aanwezig,Douche,1,1950.0,Bestaande bouw,In overleg,4,2e woonlaag,3,,Cv-ketel,Dubbel glas,Ja,177,Ja,Ja,Ja,Ja,76,,3,Betaald parkeren,Zadeldak bedekt met pannen,4,Beschikbaar,240,Cv-ketel
182,Utrecht,2021-09-15,3544 NA,439500,Allure type VII 0 ong,https://mijn.makelaarsland.nl/woning-details/2545670,"Mechanische ventilatie, Lift","Appartement, Bovenwoning",Balkon aanwezig,Ligbad,1,2022.0,Nieuwbouw,In overleg,5,2e woonlaag,1,,Vloerverwarming gedeeltelijk,Volledig geïsoleerd,,,,,,,98,In woonwijk,9,Parkeergarage,Plat dak bedekt met bitumineuze dakbedekking,4,Beschikbaar,255,Centrale Voorziening
183,Utrecht,2021-09-15,3511 MP,560000,Arthur van Schendelstraat 523,https://mijn.makelaarsland.nl/woning-details/2546803,,"Appartement, Portiekflat",Balkon aanwezig,"Ligbad, douche",1,1992.0,Bestaande bouw,In overleg,6,1e woonlaag,1,,Stadsverwarming,"Dubbel glas, Volledig geïsoleerd",Ja,175,Ja,Ja,Ja,Ja,102,"Aan rustige weg, In centrum",7,,,3,Beschikbaar,310,
184,Utrecht,2021-09-15,3564 KA,229500,Miamidreef 5,https://mijn.makelaarsland.nl/woning-details/2547174,Mechanische ventilatie,"Appartement, Galerijflat",Balkon aanwezig,Douche,1,1985.0,Bestaande bouw,In overleg,6,2e woonlaag,4,"Intergas HRE uit 2019, Eigendom",Cv-ketel,Dubbel glas,Ja,123,Ja,Ja,Ja,Ja,59,"In woonwijk, Vrij uitzicht",6,Openbaar parkeren,Plat dak,2,Beschikbaar,190,Cv-ketel
185,Utrecht,2021-09-15,3527 JH,150000,Van Vollenhovenlaan 277,https://mijn.makelaarsland.nl/woning-details/2547268,Mechanische ventilatie,"Appartement, Portiekflat",,"Douche, toilet",1,2013.0,Bestaande bouw,In overleg,,1e woonlaag,1,,Stadsverwarming,Dubbel glas,Ja,,Ja,Ja,Ja,Ja,20,In woonwijk,,Openbaar parkeren,Plat dak,1,Beschikbaar,100,Elektrische boiler eigendom
186,Utrecht,2021-09-15,3554 CM,295000,Jacob Simonsz. de Rijkstraat 90,https://mijn.makelaarsland.nl/woning-details/2547277,Mechanische ventilatie,"Appartement, Maisonnette",Balkon aanwezig,,1,1984.0,Bestaande bouw,In overleg,5,1e woonlaag,4,,Cv-ketel,"Dakisolatie, Muurisolatie, Gedeeltelijk dubbel glas",Ja,,Ja,Ja,Ja,Ja,72,"Aan rustige weg, In woonwijk, Beschutte ligging",7,Openbaar parkeren,Plat dak,3,Beschikbaar,223,Cv-ketel
187,Utrecht,2021-09-15,3541 CB,350000,Londenstraat 76,https://mijn.makelaarsland.nl/woning-details/2544991,Voorzien van elektra,"Appartement, Galerijflat",Balkon aanwezig,,1,2017.0,Bestaande bouw,In overleg,6,0e woonlaag,1,,"Stadsverwarming, Vloerverwarming geheel","Dakisolatie, Muurisolatie, Vloerisolatie, Dubbel glas, Volledig geïsoleerd",Ja,113,Ja,Ja,Ja,Ja,66,"Aan rustige weg, In centrum, In woonwijk",7,"Betaald parkeren, Parkeergarage",,3,Beschikbaar,208,Stadsverwarming
188,Utrecht,2021-09-15,3531 BA,329000,Leidseweg 30 E,https://mijn.makelaarsland.nl/woning-details/2544994,"Mechanische ventilatie, Natuurlijke ventilatie","Appartement, Benedenwoning",,Douche,1,1930.0,Bestaande bouw,In overleg,4,1e woonlaag,1,"Remeha tzerra ace cw5 uit 2020, Eigendom",Cv-ketel,,Ja,72,Ja,Ja,Ja,Ja,55,"Aan rustige weg, Aan vaarwater",,"Betaald parkeren, Parkeervergunningen",Zadeldak bedekt met pannen,2,Onder bod,209,Cv-ketel
189,Utrecht,2021-09-15,3521 AE,269000,Fruitstraat 50 A,https://mijn.makelaarsland.nl/woning-details/2545070,,"Appartement, Tussenverdieping",Balkon aanwezig,Douche,1,2013.0,Bestaande bouw,In overleg,,1e woonlaag,1,,Cv-ketel,"Dakisolatie, Vloerisolatie, Dubbel glas",Ja,,Ja,Ja,Ja,Ja,38,"Aan rustige weg, In centrum, In woonwijk",3,"Betaald parkeren, Parkeervergunningen","Samengesteld dak bedekt met pannen, bitumineuze dakbedekking",2,Beschikbaar,123,Centrale Voorziening
190,Utrecht,2021-09-15,3554 HW,259000,Prinses Ireneplateau 43,https://mijn.makelaarsland.nl/woning-details/2545071,"Mechanische ventilatie, TV kabel, Lift","Appartement, Maisonnette",,"Douche, toilet",1,2004.0,Bestaande bouw,In overleg,,1e woonlaag,2,,Stadsverwarming,,Ja,,Ja,Ja,Ja,Ja,58,"Aan water, In woonwijk, Vrij uitzicht",,"Parkeergarage, Op eigen terrein, Op afgesloten terrein",Plat dak bedekt met pannen,2,Beschikbaar,195,Centrale Voorziening
191,Utrecht,2021-09-18,3552 CH,398000,Ahornstraat 48,https://mijn.makelaarsland.nl/woning-details/1420205,Voorzien van elektra,,,,,1930.0,Bestaande bouw,In overleg,3,,,,Cv-ketel,Gedeeltelijk dubbel glas,,,,,,,118,,,,Zadeldak,5,Verkocht onder voorbehoud,360,Cv-ketel
