city,date,postal_code,price,streetname,url,amenities,appartment_type,balcony_terrace,bathroom_amenities,bathrooms_amount,build_year,construction_type,delivery,external_storage,floor,floors_amount,heating_type,heating,isolation,kvk_insurance,kvk_monthly_payment,kvk_registration,kvk_repair_plan,kvk_reserve_funds,kvk_yearly_meeting,living_size,location,outside_size,parking,roof,rooms_amount,status,volume,warm_water
Heelsum,24-12-22,6866 BP ,670000,Kamperdijklaan 1,https://mijn.makelaarsland.nl/woning-details/2986462?skipBrokerCheck=True,"Verwarming, Elektra, Water, Vliering",,,"Ligbad, douche, toilet",1,1939,Bestaande bouw,In overleg,,,,,"Cv-ketel, Openhaard","Dakisolatie, Muurisolatie, Vloerisolatie, Dubbel glas",,,,,,,154,"Aan rustige weg, In woonwijk",8,"Openbaar parkeren, Op eigen terrein",Tentdak bedekt met pannen,6,Beschikbaar,636,Cv-ketel
Ochten,24-12-22,4051 BZ ,639000,Groenestraat 37,https://mijn.makelaarsland.nl/woning-details/2986044?skipBrokerCheck=True,"Verwarming, Elektra, Water",,,Douche,1,1926,Bestaande bouw,In overleg,96,,,,"Cv-ketel, Houtkachel, Pelletkachel","Dakisolatie, Muurisolatie, Vloerisolatie, Dubbel glas",,,,,,,122,"Aan rustige weg, Vrij uitzicht, Open ligging, Landelijk gelegen",30,"Openbaar parkeren, Op eigen terrein",Zadeldak bedekt met pannen,5,Beschikbaar,468,Cv-ketel
Amsterdam,24-12-22,1061 WB ,540000,Wijnand Nuijenstraat 105,https://mijn.makelaarsland.nl/woning-details/2985546?skipBrokerCheck=True,"Mechanische ventilatie, TV kabel, Lift, Natuurlijke ventilatie","Appartement, Portiekflat",Balkon aanwezig,"Douche, toilet",1,2006,Bestaande bouw,In overleg,7,2e woonlaag,1,,Cv-ketel,"Dubbel glas, Volledig geïsoleerd",Ja,152,Ja,Ja,Ja,Ja,87,"Aan rustige weg, In woonwijk",24,"Betaald parkeren, Parkeervergunningen",Plat dak bedekt met bitumineuze dakbedekking,3,Beschikbaar,284,Cv-ketel
Weesp,24-12-22,1382 NA ,775000,Anton Geesinkstraat 2,https://mijn.makelaarsland.nl/woning-details/2985524?skipBrokerCheck=True,Voorzien van elektra,,,Toilet,1,2017,Bestaande bouw,In overleg,8,,,,"Cv-ketel, Vloerverwarming gedeeltelijk",Volledig geïsoleerd,,,,,,,140,"Aan rustige weg, In woonwijk, Vrij uitzicht",,"Openbaar parkeren, Op eigen terrein",Zadeldak bedekt met pannen,4,Beschikbaar,515,Cv-ketel
Westervoort,24-12-22,6932 DD ,300000,De Hoge Hoeve 71,https://mijn.makelaarsland.nl/woning-details/2984778?skipBrokerCheck=True,Voorzien van elektra,,,"Douche, toilet",1,1989,Bestaande bouw,In overleg,25,,,,"Stadsverwarming, Vloerverwarming gedeeltelijk","Dakisolatie, Muurisolatie, Vloerisolatie, Dubbel glas",,,,,,,106,"Aan rustige weg, In woonwijk",,Openbaar parkeren,Zadeldak bedekt met pannen,5,Beschikbaar,361,Centrale Voorziening
Amersfoort,24-12-22,3817 CD ,585000,Arnhemseweg-Zuid 141,https://mijn.makelaarsland.nl/woning-details/2984517?skipBrokerCheck=True,Voorzien van elektra,,,Ligbad,1,1906,Bestaande bouw,In overleg,13,,,,"Cv-ketel, Openhaard, Vloerverwarming gedeeltelijk","Dakisolatie, Dubbel glas, Grotendeels dubbelglas, HR-glas",,,,,,,138,"Aan rustige weg, In woonwijk, In bosrijke omgeving",,Openbaar parkeren,"Zadeldak bedekt met pannen, bitumineuze dakbedekking",5,Beschikbaar,480,"Cv-ketel, Elektrische boiler eigendom"
Millingen aan de Rijn,24-12-22,6566 DG ,650000,Zeelandsestraat 45 A,https://mijn.makelaarsland.nl/woning-details/2983798?skipBrokerCheck=True,"Verwarming, Elektra, Water",,,Ligbad,1,1994,Bestaande bouw,In overleg,31,,,,Cv-ketel,"Dakisolatie, Muurisolatie, Dubbel glas",,,,,,,164,"Aan rustige weg, In woonwijk",16,"Openbaar parkeren, Op eigen terrein",Mansardedak bedekt met pannen,5,Beschikbaar,659,Cv-ketel
Amsterdam,24-12-22,1091 VM ,375000,Tugelaweg 74 3,https://mijn.makelaarsland.nl/woning-details/2983616?skipBrokerCheck=True,"TV kabel, Natuurlijke ventilatie","Appartement, Bovenwoning",Balkon aanwezig,Douche,1,1930,Bestaande bouw,In overleg,,4e woonlaag,1,,Blokverwarming,"Dubbel glas, HR-glas",Ja,119,Ja,Ja,Ja,Ja,47,"Aan rustige weg, In woonwijk, Vrij uitzicht, Open ligging",9,"Betaald parkeren, Parkeervergunningen",Plat dak bedekt met bitumineuze dakbedekking,3,Beschikbaar,165,Centrale Voorziening
Diemen,24-12-22,1111 RS ,765000,Het Tolhek 10,https://mijn.makelaarsland.nl/woning-details/2982762?skipBrokerCheck=True,"Mechanische ventilatie, Natuurlijke ventilatie",,Dakterras aanwezig,"Douche, 2 toiletten",2,2010,Bestaande bouw,In overleg,8,,,,"Vloerverwarming geheel, Warmtepomp",Volledig geïsoleerd,,,,,,,133,"Aan rustige weg, In woonwijk",22,"Openbaar parkeren, Parkeervergunningen, Op eigen terrein",Lessenaarsdak bedekt met bitumineuze dakbedekking,5,Beschikbaar,465,Centrale Voorziening
Egmond aan den Hoef,24-12-22,1934 EN ,367500,Oranjeplein 9,https://mijn.makelaarsland.nl/woning-details/2982406?skipBrokerCheck=True,"Mechanische ventilatie, TV kabel, Zonnepanelen",,,"Douche, toilet",1,1965,Bestaande bouw,In overleg,,,,,Cv-ketel,"Dakisolatie, Dubbel glas",,,,,,,96,"Aan rustige weg, In woonwijk",8,Openbaar parkeren,Zadeldak bedekt met pannen,5,Beschikbaar,341,Cv-ketel
Nijmegen,24-12-22,6546 KN ,185000,Hillekensacker 1519,https://mijn.makelaarsland.nl/woning-details/2982269?skipBrokerCheck=True,Voorzien van elektra,"Appartement, Benedenwoning",,"Douche, toilet",1,1982,Bestaande bouw,In overleg,5,1e woonlaag,1,,Cv-ketel,"Muurisolatie, Vloerisolatie, Gedeeltelijk dubbel glas",Ja,56,Ja,Ja,Ja,Ja,41,"Aan rustige weg, In woonwijk",14,Openbaar parkeren,"Zadeldak bedekt met pannen, bitumineuze dakbedekking",2,Beschikbaar,128,Cv-ketel
Rotterdam,24-12-22,3021 CK ,425000,Graaf Florisstraat 78 B 03,https://mijn.makelaarsland.nl/woning-details/2981859?skipBrokerCheck=True,"Mechanische ventilatie, TV kabel, Airconditioning, Glasvezel kabel","Appartement, Bovenwoning","Dakterras aanwezig, balkon aanwezig","2 douches, 2 toiletten",2,1919,Bestaande bouw,In overleg,,4e woonlaag,2,,Cv-ketel,"Dakisolatie, HR-glas",Ja,25,Ja,Ja,Ja,Ja,95,"Aan rustige weg, In woonwijk, Vrij uitzicht",31,"Openbaar parkeren, Betaald parkeren, Parkeervergunningen","Samengesteld dak bedekt met pannen, bitumineuze dakbedekking",5,Beschikbaar,330,Cv-ketel
Rotterdam,24-12-22,3021 CK ,325000,Graaf Florisstraat 78 B 02,https://mijn.makelaarsland.nl/woning-details/2981857?skipBrokerCheck=True,"Mechanische ventilatie, TV kabel, Glasvezel kabel","Appartement, Tussenverdieping",,"Douche, toilet",1,1919,Bestaande bouw,In overleg,,3e woonlaag,1,,Cv-ketel,"Dakisolatie, Dubbel glas, HR-glas",Ja,25,Ja,Ja,Ja,Ja,69,"Aan rustige weg, In woonwijk, Vrij uitzicht",,"Openbaar parkeren, Betaald parkeren, Parkeervergunningen","Samengesteld dak bedekt met pannen, bitumineuze dakbedekking",3,Beschikbaar,259,Cv-ketel
's-Gravenhage,24-12-22,2548 NL ,749000,Liemerssingel 8,https://mijn.makelaarsland.nl/woning-details/2981561?skipBrokerCheck=True,"Voorzien van elektra, Met vliering",,,"Ligbad, douche, toilet",1,2009,Bestaande bouw,In overleg,5,,,,Stadsverwarming,Geen isolatie,,,,,,,170,"Aan rustige weg, In woonwijk",5,"Openbaar parkeren, Op eigen terrein",Zadeldak bedekt met pannen,6,Beschikbaar,612,Centrale Voorziening
Leiderdorp,24-12-22,2352 KE ,339500,Lokhorst 141,https://mijn.makelaarsland.nl/woning-details/2981541?skipBrokerCheck=True,"TV kabel, Lift, Natuurlijke ventilatie","Appartement, Maisonnette",Balkon aanwezig,Toilet,1,1967,Bestaande bouw,In overleg,8,4e woonlaag,2,,Blokverwarming,Grotendeels dubbelglas,Ja,216,Ja,Ja,Ja,Ja,91,In woonwijk,13,Openbaar parkeren,Plat dak bedekt met bitumineuze dakbedekking,3,Beschikbaar,291,Elektrische boiler eigendom
Amsterdam,24-12-22,1053 EM ,448500,Kinkerstraat 216 B,https://mijn.makelaarsland.nl/woning-details/2978488?skipBrokerCheck=True,"Mechanische ventilatie, TV kabel","Appartement, Bovenwoning",,"Douche, toilet",1,,Bestaande bouw,Direct,,2e woonlaag,1,,Cv-ketel,Dubbel glas,Ja,142,Ja,Ja,Ja,Ja,47,"In centrum, In woonwijk",4,"Betaald parkeren, Parkeervergunningen",Plat dak bedekt met bitumineuze dakbedekking,2,Beschikbaar,159,Cv-ketel
Enschede,24-12-22,7543 ZR ,198000,Munsterstraat 60,https://mijn.makelaarsland.nl/woning-details/2977882?skipBrokerCheck=True,Voorzien van elektra,,,Douche,1,1961,Bestaande bouw,In overleg,3,,,,Cv-ketel,Dubbel glas,,,,,,,86,"Aan park, Aan rustige weg, In woonwijk, Vrij uitzicht",,Openbaar parkeren,Plat dak bedekt met bitumineuze dakbedekking,4,Beschikbaar,299,Cv-ketel
Zaandam,24-12-22,1507 EC ,405000,Vurehout 251,https://mijn.makelaarsland.nl/woning-details/2977410?skipBrokerCheck=True,"Mechanische ventilatie, TV kabel, Lift, Natuurlijke ventilatie","Appartement, Galerijflat",Balkon aanwezig,Douche,1,2015,Bestaande bouw,In overleg,20,4e woonlaag,1,,Cv-ketel,Volledig geïsoleerd,Ja,129,Ja,Ja,Ja,Ja,89,"Aan rustige weg, In woonwijk",5,Parkeergarage,Plat dak bedekt met bitumineuze dakbedekking,3,Beschikbaar,283,Cv-ketel
Utrecht,24-12-22,3515 XD ,410000,Jacob van der Borchstraat 12,https://mijn.makelaarsland.nl/woning-details/2976411?skipBrokerCheck=True,Mechanische ventilatie,"Appartement, Benedenwoning",,Toilet,1,1931,Bestaande bouw,In overleg,3,1e woonlaag,2,,"Cv-ketel, Houtkachel",Dubbel glas,Ja,20,Ja,Ja,Ja,Ja,68,In woonwijk,,Betaald parkeren,Zadeldak,3,Beschikbaar,239,Cv-ketel
Mill,24-12-22,5451 GM ,1150,Arubaweg 8,https://mijn.makelaarsland.nl/woning-details/2976070?skipBrokerCheck=True,"Verwarming, Elektra, Water",,,"Ligbad, 2 douches, 2 toiletten",2,1970,Bestaande bouw,In overleg,47,,,,"Cv-ketel, Openhaard, Vloerverwarming gedeeltelijk",Gedeeltelijk dubbel glas,,,,,,,382,"Aan rustige weg, In woonwijk, In bosrijke omgeving",29,"Op eigen terrein, Op afgesloten terrein",Samengesteld dak bedekt met leisteen,9,Beschikbaar,1684,Cv-ketel
Almere,24-12-22,1361 BG ,775000,Zeeduinweg 532,https://mijn.makelaarsland.nl/woning-details/2976021?skipBrokerCheck=True,Voorzien van elektra,"Appartement, Portiekflat",Balkon aanwezig,"Ligbad, toilet",1,2020,Bestaande bouw,In overleg,7,17e woonlaag,1,,Vloerverwarming geheel,Geen isolatie,Ja,160,Ja,Ja,Ja,Ja,127,"Aan water, Aan rustige weg, In woonwijk, Vrij uitzicht, Open ligging",13,"Betaald parkeren, Parkeergarage",Plat dak bedekt met bitumineuze dakbedekking,4,Beschikbaar,410,Stadsverwarming
Eemnes,24-12-22,3755 BA ,950000,Streefoordlaan 7,https://mijn.makelaarsland.nl/woning-details/2976001?skipBrokerCheck=True,"Verwarming, Water",,Balkon aanwezig,"Jacuzzi, 2 douches, toilet, bidet",2,1971,Bestaande bouw,In overleg,,,,,Cv-ketel,"Dakisolatie, Muurisolatie, Dubbel glas",,,,,,,141,"Aan rustige weg, In woonwijk",17,"Openbaar parkeren, Op eigen terrein",Zadeldak bedekt met pannen,6,Beschikbaar,596,Cv-ketel
Amsterdam,24-12-22,1055 VH ,395000,Karel Doormanstraat 118 H,https://mijn.makelaarsland.nl/woning-details/2975853?skipBrokerCheck=True,"TV kabel, Natuurlijke ventilatie","Appartement, Portiekflat",Balkon aanwezig,Douche,1,1937,Bestaande bouw,In overleg,9,2e woonlaag,1,,Cv-ketel,Dubbel glas,Ja,110,Ja,Ja,Ja,Ja,51,"Aan rustige weg, In woonwijk",6,Parkeervergunningen,Plat dak bedekt met bitumineuze dakbedekking,3,Beschikbaar,163,Cv-ketel
Soest,24-12-22,3768 HG ,1149,Birkstraat 151,https://mijn.makelaarsland.nl/woning-details/2975754?skipBrokerCheck=True,Elektra,,Balkon aanwezig,"Ligbad, douche, toilet",2,1935,Bestaande bouw,In overleg,49,,,,"Cv-ketel, Vloerverwarming gedeeltelijk, Houtkachel","Dakisolatie, Muurisolatie, Dubbel glas",,,,,,,187,"Aan bosrand, Aan drukke weg, In bosrijke omgeving, Landelijk gelegen",32,Op eigen terrein,Samengesteld dak bedekt met pannen,6,Beschikbaar,707,Cv-ketel
Barendrecht,24-12-22,2993 XE ,799000,Riederhagen 3,https://mijn.makelaarsland.nl/woning-details/2975644?skipBrokerCheck=True,"Verwarming, Elektra, Water",,Frans balkon aanwezig,"Ligbad, 2 douches, toilet",2,2003,Bestaande bouw,In overleg,,,,,Cv-ketel,"Volledig geïsoleerd, HR-glas",,,,,,,189,"In woonwijk, Beschutte ligging",4,"Openbaar parkeren, Op eigen terrein",Schilddak bedekt met pannen,6,Beschikbaar,709,Cv-ketel
Veldhoven,24-12-22,5501 DE ,269000,Braak 45,https://mijn.makelaarsland.nl/woning-details/2975423?skipBrokerCheck=True,Elektra,"Appartement, Galerijflat",Balkon aanwezig,Ligbad,1,1978,Bestaande bouw,In overleg,20,2e woonlaag,1,,Cv-ketel,Geen isolatie,Ja,171,Ja,Ja,Ja,Ja,60,"Aan rustige weg, In woonwijk",11,"Openbaar parkeren, Betaald parkeren, Op eigen terrein","Samengesteld dak bedekt met pannen, bitumineuze dakbedekking",2,Beschikbaar,209,Cv-ketel
Houten,24-12-22,3991 WX ,400000,Galerijmuur 16,https://mijn.makelaarsland.nl/woning-details/2975278?skipBrokerCheck=True,Voorzien van elektra,"Appartement, Benedenwoning",,Toilet,1,2005,Bestaande bouw,In overleg,5,1e woonlaag,1,,Cv-ketel,Volledig geïsoleerd,Ja,113,Ja,Ja,Ja,Ja,85,"In woonwijk, Open ligging",,Openbaar parkeren,Plat dak bedekt met bitumineuze dakbedekking,3,Beschikbaar,276,Cv-ketel
Haarlem,24-12-22,2035 PG ,975000,Sweelinckstraat 2,https://mijn.makelaarsland.nl/woning-details/2974345?skipBrokerCheck=True,Voorzien van elektra,,,"Ligbad, toilet",1,2020,Bestaande bouw,In overleg,6,,,,"Cv-ketel, Vloerverwarming gedeeltelijk",HR-glas,,,,,,,188,In woonwijk,,"Openbaar parkeren, Op eigen terrein",Samengesteld dak,6,Beschikbaar,695,Cv-ketel
Vaassen,24-12-22,8171 ES ,240000,Elspeterweg 47 24,https://mijn.makelaarsland.nl/woning-details/2974234?skipBrokerCheck=True,Voorzien van elektra,,,Douche,1,2000,Bestaande bouw,In overleg,6,,,,"Cv-ketel, Houtkachel",Volledig geïsoleerd,,,,,,,94,"Aan bosrand, Buiten bebouwde kom, In bosrijke omgeving",,"Openbaar parkeren, Op eigen terrein",Zadeldak bedekt met pannen,3,Beschikbaar,355,Cv-ketel
's Gravenmoer,24-12-22,5109 TD ,315000,Grutterijstraat 47,https://mijn.makelaarsland.nl/woning-details/2974190?skipBrokerCheck=True,Voorzien van elektra,,,"Ligbad, douche, toilet",2,1966,Bestaande bouw,In overleg,12,,,,"Cv-ketel, Houtkachel",Geen isolatie,,,,,,,105,"Aan rustige weg, In woonwijk",10,Openbaar parkeren,Zadeldak bedekt met pannen,6,Beschikbaar,425,Elektrische boiler eigendom
Assen,24-12-22,9403 BE ,382500,Van Ostadestraat 20,https://mijn.makelaarsland.nl/woning-details/2964819?skipBrokerCheck=True,Voorzien van elektra,,,"Ligbad, douche, toilet",1,2007,Bestaande bouw,In overleg,7,,,,"Cv-ketel, Vloerverwarming gedeeltelijk, Houtkachel",Volledig geïsoleerd,,,,,,,155,In woonwijk,,Op eigen terrein,Plat dak bedekt met bitumineuze dakbedekking,6,Beschikbaar,534,Cv-ketel
Amersfoort,24-12-22,3815 XB ,585000,Senffpad 1,https://mijn.makelaarsland.nl/woning-details/2964572?skipBrokerCheck=True,Voorzien van elektra,,,Toilet,1,1977,Bestaande bouw,In overleg,17,,,,Cv-ketel,"Dakisolatie, Muurisolatie, Vloerisolatie, HR-glas",,,,,,,161,"Aan rustige weg, In woonwijk",6,Openbaar parkeren,Zadeldak bedekt met pannen,6,Beschikbaar,549,"Cv-ketel, Elektrische boiler eigendom"
Rolde,24-12-22,9451 JB ,399000,Keurnotenlaan 44,https://mijn.makelaarsland.nl/woning-details/2963258?skipBrokerCheck=True,"Mechanische ventilatie, TV kabel, Rookkanaal, Dakraam",,,"Ligbad, douche, toilet",1,1986,Bestaande bouw,In overleg,,,,,Cv-ketel,Volledig geïsoleerd,,,,,,,134,"Aan rustige weg, In woonwijk",1,Op eigen terrein,Zadeldak bedekt met pannen,5,Beschikbaar,547,Cv-ketel
Nieuwkoop,24-12-22,2421 TM ,420000,De Boomkamp 24,https://mijn.makelaarsland.nl/woning-details/2963016?skipBrokerCheck=True,Voorzien van elektra,,,,1,1975,Bestaande bouw,In overleg,1,,,,"Cv-ketel, Vloerverwarming gedeeltelijk","Dakisolatie, Dubbel glas",,,,,,,126,"Aan rustige weg, In woonwijk",,Openbaar parkeren,Zadeldak bedekt met pannen,4,Beschikbaar,448,Cv-ketel
Schermerhorn,24-12-22,1636 XC ,650000,Zuidje 26,https://mijn.makelaarsland.nl/woning-details/2962989?skipBrokerCheck=True,"Verwarming, Elektra, Water, Vliering, Elektrische deur",,,"Ligbad, douche, toilet",1,1958,Bestaande bouw,In overleg,,,,,"Cv-ketel, Vloerverwarming gedeeltelijk, Houtkachel",Geen isolatie,,,,,,,204,"In centrum, In woonwijk",19,"Openbaar parkeren, Op eigen terrein",Zadeldak bedekt met pannen,6,Beschikbaar,888,"Cv-ketel, Elektrische boiler eigendom"
Sint-Oedenrode,24-12-22,5492 BJ ,885000,Mater Lemmensstraat 9,https://mijn.makelaarsland.nl/woning-details/2962343?skipBrokerCheck=True,Voorzien van elektra,,,"Ligbad, 2 toiletten",2,1971,Bestaande bouw,In overleg,37,,,,"Vloerverwarming geheel, Warmtepomp",Geen isolatie,,,,,,,221,"Aan rustige weg, In woonwijk",4,Op eigen terrein,Zadeldak bedekt met pannen,7,Beschikbaar,768,Centrale Voorziening
Delft,24-12-22,2611 BD ,495000,Oude Delft 91 R,https://mijn.makelaarsland.nl/woning-details/2962223?skipBrokerCheck=True,"Mechanische ventilatie, TV kabel, Dakraam","Appartement, Maisonnette",,"Douche, toilet",1,1853,Bestaande bouw,In overleg,,2e woonlaag,2,,Blokverwarming,Dubbel glas,Ja,400,Ja,Ja,Ja,Ja,135,"Aan water, Aan rustige weg, In centrum",,"Betaald parkeren, Parkeervergunningen",Samengesteld dak bedekt met pannen,4,Beschikbaar,425,Centrale Voorziening
Bergschenhoek,24-12-22,2661 RB ,660000,Waghenaerdreef 88,https://mijn.makelaarsland.nl/woning-details/2961815?skipBrokerCheck=True,Elektra,,,"Ligbad, douche",1,1997,Bestaande bouw,In overleg,,,,,Cv-ketel,"Dakisolatie, Muurisolatie, Vloerisolatie, Dubbel glas",,,,,,,136,"Aan rustige weg, In woonwijk",1,"Openbaar parkeren, Op eigen terrein",Samengesteld dak bedekt met pannen,4,Beschikbaar,553,Cv-ketel
Groningen,24-12-22,9727 DD ,650000,Langewoldlaan 50,https://mijn.makelaarsland.nl/woning-details/2961796?skipBrokerCheck=True,Elektra,,,Ligbad,1,1998,Bestaande bouw,In overleg,,,,,"Cv-ketel, Vloerverwarming gedeeltelijk",Volledig geïsoleerd,,,,,,,176,"Aan rustige weg, In woonwijk, Beschutte ligging",7,"Openbaar parkeren, Op eigen terrein","Lessenaarsdak bedekt met pannen, bitumineuze dakbedekking",6,Beschikbaar,704,Cv-ketel
Utrecht,24-12-22,3553 EB ,400000,Amsterdamsestraatweg 449 b,https://mijn.makelaarsland.nl/woning-details/2961789?skipBrokerCheck=True,"TV kabel, Buitenzonwering, Rookkanaal, Natuurlijke ventilatie","Appartement, Bovenwoning",Balkon aanwezig,Toilet,1,1930,Bestaande bouw,In overleg,,2e woonlaag,1,,Cv-ketel,Dubbel glas,Ja,75,Ja,Ja,Ja,Ja,85,"Aan park, In woonwijk, Vrij uitzicht",5,Openbaar parkeren,Plat dak bedekt met bitumineuze dakbedekking,3,Beschikbaar,286,Cv-ketel
's-Gravenhage,24-12-22,2513 CJ ,473500,Toussaintkade 6,https://mijn.makelaarsland.nl/woning-details/2961788?skipBrokerCheck=True,"Mechanische ventilatie, TV kabel, Airconditioning","Appartement, Bovenwoning",Balkon aanwezig,Stoomcabine,1,1906,Bestaande bouw,In overleg,,1e woonlaag,1,,"Cv-ketel, Gashaard",Dubbel glas,Nee,,Nee,Nee,Nee,Nee,44,"Aan water, In centrum, Vrij uitzicht",1,"Betaald parkeren, Parkeervergunningen","Samengesteld dak bedekt met leisteen, bitumineuze dakbedekking",2,Beschikbaar,149,Cv-ketel
Linne,24-12-22,6067 CH ,549000,Breeweg 25,https://mijn.makelaarsland.nl/woning-details/2961787?skipBrokerCheck=True,Mechanische ventilatie,,,,1,,Bestaande bouw,In overleg,5,,,,Cv-ketel,Dakisolatie,,,,,,,239,"Aan rustige weg, Beschutte ligging",,Op eigen terrein,Zadeldak bedekt met pannen,8,Beschikbaar,1158,Cv-ketel
Utrecht,24-12-22,3551 BH ,400000,Acaciastraat 26,https://mijn.makelaarsland.nl/woning-details/2961554?skipBrokerCheck=True,"TV kabel, Natuurlijke ventilatie","Appartement, Benedenwoning",,,1,1913,Bestaande bouw,In overleg,7,1e woonlaag,2,,Cv-ketel,Grotendeels dubbelglas,Ja,26,Ja,Ja,Ja,Ja,76,In woonwijk,3,"Openbaar parkeren, Betaald parkeren",Samengesteld dak bedekt met pannen,3,Beschikbaar,260,Cv-ketel
Leersum,24-12-22,3956 TC ,450000,Koningin-Wilhelminalaan 35,https://mijn.makelaarsland.nl/woning-details/2960397?skipBrokerCheck=True,Elektra,,,Toilet,1,1979,Bestaande bouw,In overleg,32,,,,"Cv-ketel, Gashaard","Dakisolatie, HR-glas",,,,,,,115,"Aan rustige weg, In woonwijk, In bosrijke omgeving",,Openbaar parkeren,Zadeldak bedekt met pannen,6,Beschikbaar,391,Cv-ketel
Lexmond,24-12-22,4128 CZ ,360000,Zuidernes 28,https://mijn.makelaarsland.nl/woning-details/2960395?skipBrokerCheck=True,Voorzien van elektra,,,"Douche, toilet",1,1987,Bestaande bouw,In overleg,19,,,,"Cv-ketel, Houtkachel","Gedeeltelijk dubbel glas, Grotendeels dubbelglas",,,,,,,118,"Aan rustige weg, In woonwijk",,Openbaar parkeren,Zadeldak bedekt met pannen,5,Beschikbaar,408,Cv-ketel
Bilthoven,24-12-22,3723 LC ,875000,Dr. Julius Rontgenlaan 68,https://mijn.makelaarsland.nl/woning-details/2981343?skipBrokerCheck=True,"Elektra, Elektrische deur",,Balkon aanwezig,Toilet,1,1961,Bestaande bouw,In overleg,21,,,,"Cv-ketel, Gashaard","Dakisolatie, Muurisolatie, Vloerisolatie, Dubbel glas, Driedubbel glas",,,,,,,144,"Aan rustige weg, Open ligging",3,"Openbaar parkeren, Op eigen terrein",Zadeldak bedekt met pannen,5,Beschikbaar,488,Cv-ketel
Amstelveen,24-12-22,1186 WP ,695000,Voorplecht 77,https://mijn.makelaarsland.nl/woning-details/2980971?skipBrokerCheck=True,"Mechanische ventilatie, Alarminstallatie, TV kabel, Buitenzonwering, Dakraam, Zonnepanelen, Natuurlijke ventilatie",,,"Douche, toilet",1,1984,Bestaande bouw,In overleg,5,,,,Cv-ketel,Dubbel glas,,,,,,,117,"Aan water, In woonwijk",1,"Openbaar parkeren, Op eigen terrein",Zadeldak bedekt met pannen,5,Beschikbaar,422,Cv-ketel
Amsterdam,24-12-22,1051 LE ,360000,Haarlemmerweg 211 2,https://mijn.makelaarsland.nl/woning-details/2980883?skipBrokerCheck=True,"TV kabel, Natuurlijke ventilatie","Appartement, Bovenwoning",,"Douche, toilet",1,,Bestaande bouw,In overleg,6,3e woonlaag,1,,Cv-ketel,Dubbel glas,Ja,100,Ja,Ja,Ja,Ja,38,"Aan drukke weg, Vrij uitzicht, Aan vaarwater",2,Parkeervergunningen,Plat dak bedekt met bitumineuze dakbedekking,2,Beschikbaar,125,Cv-ketel
Lelystad,24-12-22,8241 AL ,695000,Eaglelaan 62,https://mijn.makelaarsland.nl/woning-details/2980848?skipBrokerCheck=True,Voorzien van elektra,,,"Ligbad, 2 douches, toilet",2,2001,Bestaande bouw,In overleg,8,,,,Cv-ketel,Geen isolatie,,,,,,,206,"Aan water, In woonwijk",9,Openbaar parkeren,"Samengesteld dak bedekt met pannen, bitumineuze dakbedekking",6,Beschikbaar,802,Cv-ketel
Woerden,24-12-22,3445 AV ,798000,Utrechtsestraatweg 56 I,https://mijn.makelaarsland.nl/woning-details/2980762?skipBrokerCheck=True,Elektra,,"Dakterras aanwezig, balkon aanwezig",Toilet,1,1939,Bestaande bouw,In overleg,5,,,,"Cv-ketel, Vloerverwarming gedeeltelijk, Gashaard","Vloerisolatie, Gedeeltelijk dubbel glas",,,,,,,157,In woonwijk,25,"Openbaar parkeren, Op eigen terrein",Samengesteld dak bedekt met pannen,6,Beschikbaar,620,"Cv-ketel, Elektrische boiler eigendom"
Arcen,24-12-22,5944 GA ,325000,Appelgaard 23,https://mijn.makelaarsland.nl/woning-details/2980507?skipBrokerCheck=True,Elektra,,,,,1998,Bestaande bouw,In overleg,38,,,,Cv-ketel,"Dakisolatie, Muurisolatie, Vloerisolatie, Dubbel glas",,,,,,,125,Aan rustige weg,15,Openbaar parkeren,Zadeldak bedekt met pannen,9,Beschikbaar,466,Cv-ketel
Leusden,24-12-22,3831 NR ,315000,De Schepershilt 31,https://mijn.makelaarsland.nl/woning-details/2980506?skipBrokerCheck=True,"Mechanische ventilatie, TV kabel, Airconditioning, Dakraam, Glasvezel kabel, Zonnepanelen","Appartement, Maisonnette",Balkon aanwezig,"Ligbad, douche, toilet",1,1983,Bestaande bouw,In overleg,6,2e woonlaag,3,,Warmtepomp,"Dakisolatie, Muurisolatie, HR-glas",Ja,347,Ja,Ja,Ja,Ja,83,In centrum,9,Openbaar parkeren,Zadeldak bedekt met metaal,3,Beschikbaar,284,Zonneboiler
Alphen aan den Rijn,24-12-22,2401 VK ,290000,Vliestroom 345,https://mijn.makelaarsland.nl/woning-details/2980503?skipBrokerCheck=True,,"Appartement, Galerijflat",Balkon aanwezig,"Douche, toilet",1,1973,Bestaande bouw,In overleg,8,2e woonlaag,2,,Blokverwarming,Grotendeels dubbelglas,Ja,414,Ja,Ja,Ja,Ja,90,In woonwijk,10,,Plat dak bedekt met bitumineuze dakbedekking,4,Beschikbaar,294,Centrale Voorziening
Valthermond,24-12-22,7876 AK ,275000,Zuiderdiep 197,https://mijn.makelaarsland.nl/woning-details/2980168?skipBrokerCheck=True,"Mechanische ventilatie, TV kabel, Rookkanaal, Schuifpui, Zonnepanelen",,,Douche,1,1920,Bestaande bouw,In overleg,,,,,"Cv-ketel, Houtkachel","Dakisolatie, Vloerisolatie, Dubbel glas, HR-glas",,,,,,,114,"Vrij uitzicht, Landelijk gelegen",19,Op eigen terrein,Zadeldak bedekt met pannen,5,Beschikbaar,444,Cv-ketel
Rijswijk,24-12-22,2282 VC ,409500,Frans Halskade 100,https://mijn.makelaarsland.nl/woning-details/2979910?skipBrokerCheck=True,"TV kabel, Buitenzonwering, Rookkanaal, Dakraam, Glasvezel kabel","Appartement, Maisonnette",Balkon aanwezig,"Jacuzzi, douche, toilet",1,1941,Bestaande bouw,In overleg,,1e woonlaag,3,,Cv-ketel,"Dakisolatie, Dubbel glas",Ja,60,Ja,Ja,Ja,Ja,108,"Aan water, Aan rustige weg, In woonwijk",11,Betaald parkeren,Zadeldak bedekt met pannen,6,Beschikbaar,366,Cv-ketel
Driehuis Nh,24-12-22,1985 HD ,940000,Driehuizerkerkweg 136,https://mijn.makelaarsland.nl/woning-details/2979810?skipBrokerCheck=True,,,,,,,Bestaande bouw,In overleg,50,,,,Cv-ketel,"Gedeeltelijk dubbel glas, Geen spouw",,,,,,,116,"In woonwijk, Beschutte ligging, In bosrijke omgeving",,Op eigen terrein,Zadeldak bedekt met pannen,5,Beschikbaar,420,Cv-ketel
Utrecht,24-12-22,3527 JZ ,290000,Van Vollenhovenlaan 248,https://mijn.makelaarsland.nl/woning-details/2979317?skipBrokerCheck=True,TV kabel,"Appartement, Portiekflat",Balkon aanwezig,,1,1961,Bestaande bouw,In overleg,5,2e woonlaag,1,,Cv-ketel,Grotendeels dubbelglas,Ja,115,Ja,Ja,Ja,Ja,67,Aan rustige weg,6,Openbaar parkeren,Plat dak bedekt met bitumineuze dakbedekking,4,Beschikbaar,218,Cv-ketel
Hilversum,24-12-22,1213 EH ,729000,Van Ostadelaan 37,https://mijn.makelaarsland.nl/woning-details/2979168?skipBrokerCheck=True,"TV kabel, Rookkanaal, Dakraam, Natuurlijke ventilatie",,Balkon aanwezig,"Ligbad, douche",1,1924,Bestaande bouw,In overleg,,,,,"Cv-ketel, Openhaard",Gedeeltelijk dubbel glas,,,,,,,103,"Aan rustige weg, In woonwijk",6,"Openbaar parkeren, Op eigen terrein","Samengesteld dak bedekt met pannen, metaal",5,Beschikbaar,477,Cv-ketel
's-Gravenhage,24-12-22,2521 CH ,325000,Waldorpstraat 490,https://mijn.makelaarsland.nl/woning-details/2978916?skipBrokerCheck=True,Voorzien van elektra,"Appartement, Bovenwoning",Balkon aanwezig,,1,2016,Bestaande bouw,In overleg,,8e woonlaag,1,,Cv-ketel,"Dakisolatie, Muurisolatie, Vloerisolatie, Dubbel glas, Volledig geïsoleerd",Ja,142,Ja,Ja,Ja,Ja,83,"Aan rustige weg, In woonwijk",6,"Betaald parkeren, Parkeervergunningen",Plat dak bedekt met bitumineuze dakbedekking,3,Beschikbaar,276,Cv-ketel
Tilburg,24-12-22,5026 DE ,875000,Francois Brandthof 4,https://mijn.makelaarsland.nl/woning-details/2978914?skipBrokerCheck=True,Voorzien van elektra,,,Ligbad,1,2021,Bestaande bouw,In overleg,10,,,,"Vloerverwarming geheel, Warmtepomp",Geen isolatie,,,,,,,196,"Aan rustige weg, In woonwijk",1,Op eigen terrein,Samengesteld dak bedekt met pannen,7,Beschikbaar,737,"Centrale Voorziening, Elektrische boiler eigendom"
Oudebildtzijl,24-12-22,9078 VE ,236000,Monnikebildtdijk 4,https://mijn.makelaarsland.nl/woning-details/2721380?skipBrokerCheck=True,Elektra,,,"Ligbad, douche, toilet",1,1930,Bestaande bouw,In overleg,27,,,,"Cv-ketel, Houtkachel",Geen isolatie,,,,,,,102,"Aan rustige weg, In woonwijk",,"Openbaar parkeren, Op eigen terrein",Zadeldak bedekt met pannen,4,Beschikbaar,382,Cv-ketel
Arnhem,24-12-22,6822 MA ,339000,Klein Vijverdal 42,https://mijn.makelaarsland.nl/woning-details/2714418?skipBrokerCheck=True,"Mechanische ventilatie, TV kabel, Lift, Glasvezel kabel","Appartement, Galerijflat",Balkon aanwezig,,1,2012,Bestaande bouw,In overleg,2,2e woonlaag,1,,Cv-ketel,Volledig geïsoleerd,Ja,93,Ja,Ja,Ja,Ja,70,"Aan bosrand, In woonwijk",13,"Openbaar parkeren, Parkeergarage",Plat dak bedekt met bitumineuze dakbedekking,3,Beschikbaar,230,Cv-ketel
Tull en 't Waal,24-12-22,3999 WK ,1499,Lange Uitweg 39,https://mijn.makelaarsland.nl/woning-details/2707617?skipBrokerCheck=True,"Elektra, Water",,,"Ligbad, douche, toilet",1,2006,Bestaande bouw,In overleg,103,,,,Cv-ketel,Volledig geïsoleerd,,,,,,,200,"Aan rustige weg, Vrij uitzicht, Landelijk gelegen",18,"Openbaar parkeren, Op eigen terrein",Samengesteld dak,5,Beschikbaar,813,Cv-ketel
Zwanenburg,24-12-22,1161 SP ,470000,Populierenlaan 18,https://mijn.makelaarsland.nl/woning-details/2705177?skipBrokerCheck=True,Voorzien van elektra,,,"Ligbad, douche, toilet",1,1967,Bestaande bouw,In overleg,12,,,,Cv-ketel,Dubbel glas,,,,,,,116,In woonwijk,,Openbaar parkeren,Zadeldak bedekt met pannen,5,Beschikbaar,388,Cv-ketel
's-Gravenhage,24-12-22,2512 GB ,397000,Prinsegracht 70,https://mijn.makelaarsland.nl/woning-details/2698444?skipBrokerCheck=True,TV kabel,"Appartement, Benedenwoning",,,1,1913,Bestaande bouw,In overleg,,1e woonlaag,2,,Cv-ketel,Grotendeels dubbelglas,Nee,,Nee,Nee,Nee,Nee,87,"In centrum, In woonwijk",4,"Betaald parkeren, Parkeervergunningen",Plat dak bedekt met bitumineuze dakbedekking,3,Beschikbaar,325,Cv-ketel
's-Gravenhage,24-12-22,2512 EV ,379000,Rode Leeuwstraat 29,https://mijn.makelaarsland.nl/woning-details/2698440?skipBrokerCheck=True,"Mechanische ventilatie, TV kabel, Dakraam","Appartement, Benedenwoning",,,1,1913,Bestaande bouw,In overleg,,1e woonlaag,1,,Cv-ketel,"Driedubbel glas, HR-glas",Nee,,Nee,Nee,Nee,Nee,67,"Aan rustige weg, In woonwijk",,"Betaald parkeren, Parkeervergunningen",Plat dak bedekt met bitumineuze dakbedekking,3,Beschikbaar,248,Cv-ketel
Amsterdam,24-12-22,1054 GE ,495000,Vondelstraat 42 G,https://mijn.makelaarsland.nl/woning-details/2693138?skipBrokerCheck=True,TV kabel,"Appartement, Bovenwoning",,Douche,1,,Bestaande bouw,In overleg,3,2e woonlaag,1,,Cv-ketel,Geen isolatie,Ja,70,Ja,Ja,Ja,Ja,37,"Aan park, In centrum",,"Betaald parkeren, Parkeervergunningen",Samengesteld dak,2,Beschikbaar,125,Cv-ketel
Vlaardingen,24-12-22,3131 BP ,1175,Hoogstraat 86 88 90,https://mijn.makelaarsland.nl/woning-details/2656778?skipBrokerCheck=True,"Mechanische ventilatie, TV kabel, Dakraam",,Dakterras aanwezig,"3 ligbaden, douche, toilet",3,1885,Bestaande bouw,In overleg,5,,,,"Cv-ketel, Openhaard, Vloerverwarming gedeeltelijk","Dubbel glas, HR-glas",,,,,,,378,"In centrum, In woonwijk",48,"Openbaar parkeren, Parkeervergunningen","Samengesteld dak bedekt met pannen, bitumineuze dakbedekking",12,Beschikbaar,1424,Cv-ketel
Emmer-Compascuum,24-12-22,7881 NT ,925000,Maatschappijweg 25,https://mijn.makelaarsland.nl/woning-details/2572890?skipBrokerCheck=True,Voorzien van elektra,,,"Ligbad, douche",1,1900,Bestaande bouw,In overleg,31,,,,"Vloerverwarming gedeeltelijk, Warmtepomp, Houtkachel","Dakisolatie, Muurisolatie, Vloerisolatie, Dubbel glas",,,,,,,407,"Aan rustige weg, Vrij uitzicht, Beschutte ligging, Landelijk gelegen",,Op eigen terrein,Samengesteld dak bedekt met pannen,10,Beschikbaar,2735,Zonneboiler
Berkhout,24-12-22,1647 LE ,245000,Lijsbeth Tijsweg 7 40,https://mijn.makelaarsland.nl/woning-details/2554959?skipBrokerCheck=True,"Mechanische ventilatie, TV kabel, Natuurlijke ventilatie",,,"Ligbad, douche",1,2020,Bestaande bouw,In overleg,,,,,Cv-ketel,Volledig geïsoleerd,,,,,,,66,"Aan water, Aan rustige weg, Vrij uitzicht, Open ligging",,"Openbaar parkeren, Op eigen terrein",Zadeldak bedekt met kunststof,4,Beschikbaar,263,Cv-ketel
Vinkeveen,24-12-22,3645 BD ,580000,Groenlandse kade 10,https://mijn.makelaarsland.nl/woning-details/2511669?skipBrokerCheck=True,"Buitenzonwering, Airconditioning, Schuifpui, Natuurlijke ventilatie",,,"Ligbad, douche, toilet",1,1999,Bestaande bouw,In overleg,10,,,,"Cv-ketel, Vloerverwarming gedeeltelijk",Dubbel glas,,,,,,,85,Aan rustige weg,,Op eigen terrein,Zadeldak bedekt met pannen,3,Beschikbaar,321,Cv-ketel
Zandvoort,24-12-22,2042 PJ ,1875,Kostverlorenstraat 68,https://mijn.makelaarsland.nl/woning-details/2460399?skipBrokerCheck=True,"Elektra, Water, Elektrische deur",,Dakterras aanwezig,"Ligbad, 2 douches, toilet",3,1910,Bestaande bouw,In overleg,,,,,"Cv-ketel, Vloerverwarming gedeeltelijk, Gashaard",Geen isolatie,,,,,,,289,"In centrum, In woonwijk, Beschutte ligging",31,"Parkeervergunningen, Op eigen terrein",Schilddak bedekt met pannen,6,Beschikbaar,1330,"Cv-ketel, Gasboiler eigendom"
Waddinxveen,24-12-22,2742 NL ,495000,Grondel 20,https://mijn.makelaarsland.nl/woning-details/2949696?skipBrokerCheck=True,Voorzien van elektra,,,Toilet,1,2020,Bestaande bouw,In overleg,5,,,,"Vloerverwarming gedeeltelijk, Warmtepomp",Geen isolatie,,,,,,,116,"Aan rustige weg, In woonwijk",,Openbaar parkeren,Zadeldak bedekt met pannen,4,Beschikbaar,435,Zonneboiler
's-Gravenhage,24-12-22,2572 RN ,470000,Langnekstraat 39,https://mijn.makelaarsland.nl/woning-details/2949593?skipBrokerCheck=True,"TV kabel, Balansventilatie",,Balkon aanwezig,"Ligbad, 2 douches, toilet",2,2007,Bestaande bouw,In overleg,7,,,,"Cv-ketel, Warmte terugwininstallatie",Geen isolatie,,,,,,,159,"Aan rustige weg, In woonwijk",29,"Betaald parkeren, Parkeervergunningen, Op eigen terrein",Plat dak bedekt met bitumineuze dakbedekking,6,Beschikbaar,602,Cv-ketel
Velp,24-12-22,6881 MK ,650000,Egmondstraat 3,https://mijn.makelaarsland.nl/woning-details/2948959?skipBrokerCheck=True,"Mechanische ventilatie, TV kabel, Buitenzonwering, Rookkanaal",,,"Ligbad, douche, toilet",1,1922,Bestaande bouw,In overleg,,,,,"Cv-ketel, Houtkachel","Muurisolatie, Gedeeltelijk dubbel glas",,,,,,,167,"Aan rustige weg, In woonwijk, In bosrijke omgeving",10,Openbaar parkeren,"Samengesteld dak bedekt met pannen, bitumineuze dakbedekking",6,Beschikbaar,710,Cv-ketel
Odoornerveen,24-12-22,7874 TE ,535000,Zuidzijde 38,https://mijn.makelaarsland.nl/woning-details/2948827?skipBrokerCheck=True,Elektra,,,Toilet,1,1910,Bestaande bouw,In overleg,77,,,,"Cv-ketel, Vloerverwarming gedeeltelijk, Houtkachel","Dakisolatie, Dubbel glas, HR-glas",,,,,,,146,"Aan water, Aan rustige weg, Vrij uitzicht, Beschutte ligging, Landelijk gelegen",35,Op eigen terrein,Zadeldak bedekt met pannen,5,Beschikbaar,637,Cv-ketel
Amsterdam,24-12-22,1013 BD ,625000,Haparandaweg 902,https://mijn.makelaarsland.nl/woning-details/2948691?skipBrokerCheck=True,"Mechanische ventilatie, TV kabel, Lift, Glasvezel kabel, Zonnepanelen, Natuurlijke ventilatie","Appartement, Maisonnette",Dakterras aanwezig,"Ligbad, douche, toilet",1,2014,Bestaande bouw,In overleg,6,2e woonlaag,2,,"Stadsverwarming, Vloerverwarming geheel",Driedubbel glas,Ja,198,Ja,Ja,Ja,Ja,78,"Aan water, In woonwijk",3,Betaald parkeren,Plat dak bedekt met bitumineuze dakbedekking,3,Beschikbaar,318,Cv-ketel
Oldemarkt,24-12-22,8375 GP ,500000,'t Slingerland 3,https://mijn.makelaarsland.nl/woning-details/2948378?skipBrokerCheck=True,"Elektra, Water, Elektrische deur",,,"Ligbad, 2 douches",2,1997,Bestaande bouw,In overleg,64,,,,Cv-ketel,"Dakisolatie, Muurisolatie",,,,,,,175,"Aan rustige weg, In centrum",3,"Openbaar parkeren, Op eigen terrein",Zadeldak bedekt met pannen,6,Beschikbaar,703,Cv-ketel
Groningen,24-12-22,9715 JN ,337500,Ceramstraat 10,https://mijn.makelaarsland.nl/woning-details/2948046?skipBrokerCheck=True,TV kabel,"Appartement, Benedenwoning",,Douche,1,1935,Bestaande bouw,In overleg,13,1e woonlaag,2,,Cv-ketel,HR-glas,Ja,50,Ja,Ja,Ja,Ja,99,"Aan rustige weg, In woonwijk",1,"Betaald parkeren, Parkeervergunningen","Samengesteld dak bedekt met pannen, bitumineuze dakbedekking",4,Beschikbaar,327,Cv-ketel
Rotterdam,24-12-22,3068 CN ,450000,Rijstgras 32,https://mijn.makelaarsland.nl/woning-details/2947775?skipBrokerCheck=True,Voorzien van elektra,,,"Douche, toilet",1,1969,Bestaande bouw,In overleg,5,,,,"Cv-ketel, Gashaard",Volledig geïsoleerd,,,,,,,129,"Aan park, Aan rustige weg, In woonwijk",,Openbaar parkeren,Zadeldak bedekt met pannen,6,Beschikbaar,413,Cv-ketel
Apeldoorn,24-12-22,7335 JC ,365000,Beeklustweg 113,https://mijn.makelaarsland.nl/woning-details/2947606?skipBrokerCheck=True,"Voorzien van elektra, Met vliering",,,"Douche, toilet",1,1987,Bestaande bouw,In overleg,8,,,,Cv-ketel,"Dakisolatie, Muurisolatie, Vloerisolatie, Grotendeels dubbelglas",,,,,,,119,In woonwijk,,Openbaar parkeren,Zadeldak bedekt met pannen,4,Beschikbaar,406,"Cv-ketel, Elektrische boiler eigendom"
Nieuweroord,24-12-22,7912 TP ,975000,Noorder Hoofddiep 12,https://mijn.makelaarsland.nl/woning-details/2947506?skipBrokerCheck=True,"Voorzien van verwarming, Voorzien van elektra, Voorzien van water, Met vliering",,,"Ligbad, 2 douches, toilet",2,2010,Bestaande bouw,In overleg,25,,,,"Cv-ketel, Vloerverwarming gedeeltelijk, Houtkachel",Volledig geïsoleerd,,,,,,,297,"Aan rustige weg, Vrij uitzicht, Buiten bebouwde kom, Landelijk gelegen",80,Op eigen terrein,Dwarskap bedekt met riet,6,Beschikbaar,1320,Cv-ketel
Eindhoven,24-12-22,5622 EA ,484000,Cornelis Bloemaertstraat 31,https://mijn.makelaarsland.nl/woning-details/2947497?skipBrokerCheck=True,"Voorzien van elektra, Met vliering",,,"Ligbad, toilet",1,2008,Bestaande bouw,In overleg,9,,,,"Cv-ketel, Vloerverwarming gedeeltelijk",Dakisolatie,,,,,,,117,"Aan rustige weg, In woonwijk",,"Openbaar parkeren, Op afgesloten terrein",Zadeldak bedekt met pannen,5,Beschikbaar,405,Cv-ketel
Amstelveen,24-12-22,1185 TG ,350000,Sportlaan 148,https://mijn.makelaarsland.nl/woning-details/2946704?skipBrokerCheck=True,"TV kabel, Lift, Natuurlijke ventilatie","Appartement, Galerijflat",Balkon aanwezig,Ligbad,1,1964,Bestaande bouw,In overleg,8,3e woonlaag,1,,Blokverwarming,Dubbel glas,Ja,298,Ja,Ja,Ja,Ja,80,"Aan rustige weg, In woonwijk, Vrij uitzicht",5,Openbaar parkeren,Plat dak bedekt met bitumineuze dakbedekking,3,Beschikbaar,261,Elektrische boiler eigendom
Amsterdam,24-12-22,1066 SC ,575000,Belgieplein 48,https://mijn.makelaarsland.nl/woning-details/2946472?skipBrokerCheck=True,"Mechanische ventilatie, TV kabel, Lift, Schuifpui, Natuurlijke ventilatie","Appartement, Maisonnette","Dakterras aanwezig, balkon aanwezig",,1,1994,Bestaande bouw,In overleg,4,4e woonlaag,2,,Cv-ketel,Volledig geïsoleerd,Ja,350,Ja,Ja,Ja,Ja,128,"In woonwijk, Vrij uitzicht",38,"Openbaar parkeren, Betaald parkeren, Parkeergarage, Parkeervergunningen",Plat dak bedekt met bitumineuze dakbedekking,5,Beschikbaar,402,Cv-ketel
Delft,24-12-22,2624 XL ,235000,Herman Gorterhof 154,https://mijn.makelaarsland.nl/woning-details/2946033?skipBrokerCheck=True,Voorzien van elektra,"Appartement, Galerijflat",Balkon aanwezig,Ligbad,1,1966,Bestaande bouw,In overleg,6,7e woonlaag,1,,Blokverwarming,"Dakisolatie, Grotendeels dubbelglas",Ja,183,Ja,Ja,Ja,Ja,70,"In woonwijk, Vrij uitzicht",9,Openbaar parkeren,Plat dak bedekt met bitumineuze dakbedekking,4,Beschikbaar,226,Elektrische boiler huur
Wervershoof,24-12-22,1693 PD ,625000,Knoe 2,https://mijn.makelaarsland.nl/woning-details/2946028?skipBrokerCheck=True,Voorzien van elektra,,,Toilet,1,2019,Bestaande bouw,In overleg,15,,,,"Cv-ketel, Vloerverwarming gedeeltelijk","Dakisolatie, Muurisolatie",,,,,,,170,"Aan water, Aan rustige weg, In woonwijk, Vrij uitzicht",,"Openbaar parkeren, Op eigen terrein",Schilddak bedekt met pannen,6,Beschikbaar,628,Cv-ketel
Amsterdam,24-12-22,1060 RZ ,695000,Eurokade 49,https://mijn.makelaarsland.nl/woning-details/2946019?skipBrokerCheck=True,Voorzien van elektra,,Frans balkon aanwezig,,1,1999,Bestaande bouw,In overleg,7,,,,"Vloerverwarming gedeeltelijk, Warmtepomp","Dakisolatie, Muurisolatie, Vloerisolatie, Dubbel glas, HR-glas",,,,,,,148,"Aan water, Aan rustige weg, In woonwijk, Vrij uitzicht",3,Openbaar parkeren,Lessenaarsdak bedekt met leisteen,5,Beschikbaar,487,Elektrische boiler eigendom
's-Gravenhage,24-12-22,2513 BD ,725000,Nobelstraat 8,https://mijn.makelaarsland.nl/woning-details/2945660?skipBrokerCheck=True,"TV kabel, Lift, Frans balkon, Balansventilatie","Appartement, Bovenwoning",Frans balkon aanwezig,,1,2003,Bestaande bouw,In overleg,,4e woonlaag,1,,"Stadsverwarming, Warmte terugwininstallatie",Geen isolatie,Ja,292,Ja,Ja,Ja,Ja,131,"Aan rustige weg, In centrum, In woonwijk",6,"Openbaar parkeren, Betaald parkeren, Parkeergarage, Parkeervergunningen",Plat dak bedekt met bitumineuze dakbedekking,3,Beschikbaar,433,Centrale Voorziening
's-Gravenhage,24-12-22,2584 RP ,698000,Jan Kistenstraat 41,https://mijn.makelaarsland.nl/woning-details/2945618?skipBrokerCheck=True,"TV kabel, Airconditioning",,Balkon aanwezig,"Ligbad, toilet",1,1936,Bestaande bouw,In overleg,,,,,Cv-ketel,"Dakisolatie, Dubbel glas, HR-glas",,,,,,,149,"Aan rustige weg, In woonwijk",3,"Betaald parkeren, Parkeervergunningen",Zadeldak bedekt met pannen,6,Beschikbaar,499,Cv-ketel
Huizen,24-12-22,1274 KW ,479000,Rijnland 2,https://mijn.makelaarsland.nl/woning-details/2944794?skipBrokerCheck=True,"Mechanische ventilatie, TV kabel, Glasvezel kabel",,,Toilet,1,2013,Bestaande bouw,In overleg,,,,,Cv-ketel,Volledig geïsoleerd,,,,,,,126,In woonwijk,,Openbaar parkeren,Plat dak bedekt met bitumineuze dakbedekking,5,Beschikbaar,452,Cv-ketel
Oudenbosch,24-12-22,4731 ZV ,539000,in den Boomgaert 2 a,https://mijn.makelaarsland.nl/woning-details/2944699?skipBrokerCheck=True,"Verwarming, Elektra, Water, Elektrische deur",,,"Ligbad, 2 douches, toilet",2,2006,Bestaande bouw,In overleg,,,,,"Cv-ketel, Warmte terugwininstallatie",Volledig geïsoleerd,,,,,,,145,"Aan rustige weg, In centrum, In woonwijk",8,"Openbaar parkeren, Op eigen terrein",Tentdak bedekt met pannen,5,Beschikbaar,642,"Cv-ketel, Zonneboiler, Zonnecollectoren"
Amsterdam,24-12-22,1087 CK ,699000,Nicolaas Hennemanhof 4 +PP,https://mijn.makelaarsland.nl/woning-details/2944033?skipBrokerCheck=True,"Mechanische ventilatie, TV kabel, Schuifpui, Glasvezel kabel, Natuurlijke ventilatie",,,"Ligbad, douche, toilet",1,2008,Bestaande bouw,In overleg,23,,,,Stadsverwarming,Dubbel glas,,,,,,,121,"Aan rustige weg, In woonwijk",,Parkeergarage,Plat dak bedekt met bitumineuze dakbedekking,5,Beschikbaar,438,Centrale Voorziening
Eindhoven,24-12-22,5645 KK ,1190,Gulbergsven 8,https://mijn.makelaarsland.nl/woning-details/2943790?skipBrokerCheck=True,"Verwarming, Elektra, Elektrische deur",,,"Ligbad, 2 douches, 2 toiletten",2,1995,Bestaande bouw,In overleg,,,,,"Cv-ketel, Openhaard, Vloerverwarming geheel",Volledig geïsoleerd,,,,,,,297,"Aan rustige weg, In woonwijk",25,"Openbaar parkeren, Op eigen terrein",Plat dak bedekt met bitumineuze dakbedekking,6,Beschikbaar,1297,Elektrische boiler eigendom
Delft,24-12-22,2624 AL ,330000,Papsouwselaan 147,https://mijn.makelaarsland.nl/woning-details/2943735?skipBrokerCheck=True,Voorzien van elektra,"Appartement, Galerijflat",Balkon aanwezig,Douche,1,1967,Bestaande bouw,In overleg,3,2e woonlaag,1,,Blokverwarming,Dubbel glas,Ja,127,Ja,Ja,Ja,Ja,90,"In woonwijk, Vrij uitzicht",5,"Openbaar parkeren, Betaald parkeren, Parkeervergunningen",Plat dak bedekt met bitumineuze dakbedekking,3,Beschikbaar,289,Elektrische boiler huur
Almere,24-12-22,1326 BA ,350000,Iepenstraat 17,https://mijn.makelaarsland.nl/woning-details/2943538?skipBrokerCheck=True,Voorzien van elektra,,Balkon aanwezig,"Ligbad, douche, toilet",1,1996,Bestaande bouw,In overleg,7,,,,"Stadsverwarming, Vloerverwarming gedeeltelijk",Geen isolatie,,,,,,,122,"Aan rustige weg, In woonwijk, Vrij uitzicht",8,Openbaar parkeren,Plat dak bedekt met bitumineuze dakbedekking,5,Beschikbaar,397,Stadsverwarming
Werkendam,24-12-22,4251 LZ ,849000,Het Fort 5,https://mijn.makelaarsland.nl/woning-details/2943275?skipBrokerCheck=True,"Elektra, Water, Elektrische deur","Appartement, Penthouse",Balkon aanwezig,"Stoomcabine, ligbad, 2 toiletten",2,2000,Bestaande bouw,In overleg,65,2e woonlaag,1,,"Cv-ketel, Openhaard, Vloerverwarming geheel, Warmte terugwininstallatie",Volledig geïsoleerd,Ja,300,Ja,Ja,Ja,Ja,205,Vrij uitzicht,11,"Openbaar parkeren, Op eigen terrein",Plat dak bedekt met bitumineuze dakbedekking,4,Beschikbaar,654,Cv-ketel
's-Hertogenbosch,24-12-22,5221 PB ,439000,Velderwoude 34,https://mijn.makelaarsland.nl/woning-details/2943164?skipBrokerCheck=True,Voorzien van elektra,,,"Ligbad, douche, toilet",2,2001,Bestaande bouw,In overleg,41,,,,Cv-ketel,Geen isolatie,,,,,,,172,"Aan rustige weg, In woonwijk",18,"Parkeergarage, Op eigen terrein",Plat dak bedekt met bitumineuze dakbedekking,6,Beschikbaar,567,Cv-ketel
Voorhout,24-12-22,2215 SW ,825000,Krokus 57,https://mijn.makelaarsland.nl/woning-details/2942991?skipBrokerCheck=True,"Voorzien van verwarming, Voorzien van elektra",,,Toilet,1,2016,Bestaande bouw,In overleg,2,,,,"Cv-ketel, Vloerverwarming geheel",Volledig geïsoleerd,,,,,,,135,"Aan water, Aan rustige weg, In woonwijk, Vrij uitzicht",30,"Openbaar parkeren, Op eigen terrein","Samengesteld dak bedekt met pannen, bitumineuze dakbedekking",3,Beschikbaar,508,Cv-ketel
Rotterdam,24-12-22,3077 CX ,340000,Regenboogkade 73,https://mijn.makelaarsland.nl/woning-details/2942685?skipBrokerCheck=True,Voorzien van elektra,"Appartement, Portiekflat",,Douche,1,1993,Bestaande bouw,In overleg,4,7e woonlaag,1,,Cv-ketel,Volledig geïsoleerd,Ja,165,Ja,Ja,Ja,Ja,100,"Aan water, Vrij uitzicht, Aan vaarwater",,Openbaar parkeren,Plat dak bedekt met bitumineuze dakbedekking,3,Beschikbaar,302,Cv-ketel
Arnhem,24-12-22,6833 LB ,536500,Fanny Blankers-Koenstraat 71,https://mijn.makelaarsland.nl/woning-details/2942671?skipBrokerCheck=True,"Verwarming, Elektra",,"Dakterras aanwezig, frans balkon aanwezig","Ligbad, toilet",1,2007,Bestaande bouw,In overleg,,,,,Cv-ketel,Volledig geïsoleerd,,,,,,,168,"Aan water, In woonwijk, Vrij uitzicht, Open ligging, Aan vaarwater",22,"Openbaar parkeren, Op eigen terrein",Plat dak bedekt met bitumineuze dakbedekking,5,Beschikbaar,631,Cv-ketel
West-Graftdijk,24-12-22,1486 MD ,675000,Oude Werf 13,https://mijn.makelaarsland.nl/woning-details/2941874?skipBrokerCheck=True,"Mechanische ventilatie, TV kabel, Dakraam, Zonnepanelen",,Balkon aanwezig,"Ligbad, toilet",1,1998,Bestaande bouw,In overleg,7,,,,"Cv-ketel, Gashaard",Geen spouw,,,,,,,152,"Aan rustige weg, In woonwijk, Vrij uitzicht, Aan vaarwater",9,"Openbaar parkeren, Op eigen terrein",Zadeldak bedekt met pannen,5,Beschikbaar,524,"Cv-ketel, Elektrische boiler eigendom"
Ugchelen,24-12-22,7339 KH ,350000,Hoekelum 4,https://mijn.makelaarsland.nl/woning-details/2960322?skipBrokerCheck=True,Voorzien van elektra,,,"Douche, toilet",1,1981,Bestaande bouw,In overleg,15,,,,Cv-ketel,Volledig geïsoleerd,,,,,,,113,"Aan rustige weg, In woonwijk",2,"Openbaar parkeren, Op eigen terrein",Zadeldak bedekt met pannen,5,Beschikbaar,385,Cv-ketel
Badhoevedorp,24-12-22,1171 WH ,675000,Anjersingel 50,https://mijn.makelaarsland.nl/woning-details/2959930?skipBrokerCheck=True,"Elektra, Water",,,Toilet,1,1989,Bestaande bouw,In overleg,16,,,,"Cv-ketel, Warmte terugwininstallatie","Dakisolatie, Muurisolatie, Vloerisolatie, Dubbel glas, HR-glas",,,,,,,140,"Aan rustige weg, In woonwijk",2,"Openbaar parkeren, Op eigen terrein",Zadeldak bedekt met pannen,6,Beschikbaar,482,Cv-ketel
Steenwijk,24-12-22,8331 XA ,295000,Paasweide 11,https://mijn.makelaarsland.nl/woning-details/2959796?skipBrokerCheck=True,Voorzien van elektra,,,"Douche, toilet",1,1990,Bestaande bouw,In overleg,11,,,,"Cv-ketel, Vloerverwarming gedeeltelijk","Dakisolatie, Muurisolatie, Vloerisolatie, Dubbel glas",,,,,,,115,"Aan rustige weg, In woonwijk",,"Openbaar parkeren, Op eigen terrein",Zadeldak bedekt met pannen,5,Beschikbaar,406,Cv-ketel
Amsterdam,24-12-22,1081 BN ,1050,Soetendaal 61,https://mijn.makelaarsland.nl/woning-details/2959609?skipBrokerCheck=True,"TV kabel, Buitenzonwering, Airconditioning, Rookkanaal, Schuifpui, Natuurlijke ventilatie",,"Dakterras aanwezig, balkon aanwezig","Ligbad, douche, 2 toiletten",2,1960,Bestaande bouw,In overleg,8,,,,"Cv-ketel, Openhaard","Dakisolatie, Dubbel glas, HR-glas",,,,,,,177,"Aan rustige weg, In woonwijk",12,"Betaald parkeren, Parkeervergunningen",Plat dak bedekt met bitumineuze dakbedekking,7,Beschikbaar,616,Cv-ketel
Almere,24-12-22,1315 CD ,300000,Flevostraat 64,https://mijn.makelaarsland.nl/woning-details/2958481?skipBrokerCheck=True,Voorzien van elektra,"Appartement, Galerijflat",Balkon aanwezig,Douche,1,1982,Bestaande bouw,In overleg,,2e woonlaag,1,,Stadsverwarming,Geen isolatie,Ja,155,Ja,Ja,Ja,Ja,71,In centrum,5,"Betaald parkeren, Parkeergarage",Plat dak bedekt met bitumineuze dakbedekking,3,Beschikbaar,225,Stadsverwarming
Monnickendam,24-12-22,1141 KX ,435000,Leeuwetand 44,https://mijn.makelaarsland.nl/woning-details/2957829?skipBrokerCheck=True,Voorzien van elektra,,,"Douche, toilet",1,1989,Bestaande bouw,In overleg,6,,,,Cv-ketel,Grotendeels dubbelglas,,,,,,,98,"Aan rustige weg, In woonwijk",2,Openbaar parkeren,Zadeldak bedekt met pannen,5,Beschikbaar,349,Cv-ketel
Groningen,24-12-22,9712 VA ,515000,Grote Appelstraat 13,https://mijn.makelaarsland.nl/woning-details/2957784?skipBrokerCheck=True,Voorzien van elektra,,,"Ligbad, douche, toilet",1,2007,Bestaande bouw,In overleg,,,,,Cv-ketel,Volledig geïsoleerd,,,,,,,126,"Aan rustige weg, In woonwijk, Beschutte ligging",,Betaald parkeren,Plat dak bedekt met bitumineuze dakbedekking,4,Beschikbaar,454,"Cv-ketel, Zonneboiler"
Assendelft,24-12-22,1567 JL ,649000,Pentatlon 9,https://mijn.makelaarsland.nl/woning-details/2957506?skipBrokerCheck=True,"Elektra, Elektrische deur",,Frans balkon aanwezig,Toilet,1,2009,Bestaande bouw,In overleg,,,,,"Cv-ketel, Warmte terugwininstallatie, Gashaard",Geen isolatie,,,,,,,167,"Aan rustige weg, In woonwijk",1,"Openbaar parkeren, Op eigen terrein",Dwarskap bedekt met pannen,6,Beschikbaar,737,"Cv-ketel, Elektrische boiler eigendom"
Almere,24-12-22,1339 KL ,690000,Curacaostraat 5,https://mijn.makelaarsland.nl/woning-details/2957348?skipBrokerCheck=True,Voorzien van elektra,,Dakterras aanwezig,"Ligbad, 2 douches, 2 toiletten",2,2001,Bestaande bouw,In overleg,11,,,,"Cv-ketel, Vloerverwarming gedeeltelijk",Volledig geïsoleerd,,,,,,,204,"Aan rustige weg, In woonwijk, Open ligging, Aan vaarwater",64,Openbaar parkeren,Plat dak bedekt met bitumineuze dakbedekking,5,Beschikbaar,709,Cv-ketel
's-Gravenhage,24-12-22,2565 XH ,495000,Egelantierstraat 39,https://mijn.makelaarsland.nl/woning-details/2956134?skipBrokerCheck=True,TV kabel,,,"Ligbad, douche, toilet",1,1922,Bestaande bouw,In overleg,,,,,Cv-ketel,Dubbel glas,,,,,,,136,"Aan rustige weg, In woonwijk",,"Betaald parkeren, Parkeervergunningen","Samengesteld dak bedekt met pannen, bitumineuze dakbedekking",4,Beschikbaar,490,Cv-ketel
Bussum,24-12-22,1402 SP ,625000,Badhuislaan 9,https://mijn.makelaarsland.nl/woning-details/2955805?skipBrokerCheck=True,"TV kabel, Rookkanaal, Glasvezel kabel, Natuurlijke ventilatie",,,Toilet,1,1907,Bestaande bouw,In overleg,,,,,Cv-ketel,"Dakisolatie, Dubbel glas, Voorzetramen, Geen spouw, HR-glas",,,,,,,117,"Aan rustige weg, In woonwijk",,Openbaar parkeren,Zadeldak bedekt met pannen,4,Beschikbaar,456,Cv-ketel
Utrecht,24-12-22,3555 EN ,320000,Burgemeester Norbruislaan 340,https://mijn.makelaarsland.nl/woning-details/2955685?skipBrokerCheck=True,"Voorzien van elektra, Voorzien van water","Appartement, Benedenwoning",,,,1951,Bestaande bouw,In overleg,9,1e woonlaag,1,,Cv-ketel,Grotendeels dubbelglas,Ja,125,Ja,Ja,Ja,Ja,62,In woonwijk,3,Openbaar parkeren,Plat dak bedekt met bitumineuze dakbedekking,3,Beschikbaar,208,Cv-ketel
Wijchen,24-12-22,6603 CS ,1395,Gomarius Messtraat 31,https://mijn.makelaarsland.nl/woning-details/2955189?skipBrokerCheck=True,"Verwarming, Elektra, Water, Elektrische deur",,Dakterras aanwezig,"2 ligbaden, 2 douches, 2 toiletten, 2 bidets",2,1963,Bestaande bouw,In overleg,18,,,,"Cv-ketel, Vloerverwarming gedeeltelijk","Dakisolatie, Muurisolatie, Vloerisolatie, Dubbel glas",,,,,,,384,"Aan bosrand, Aan rustige weg, Beschutte ligging",89,"Openbaar parkeren, Op eigen terrein",Plat dak bedekt met bitumineuze dakbedekking,8,Beschikbaar,1287,"Cv-ketel, Elektrische boiler eigendom"
Apeldoorn,24-12-22,7315 CX ,485000,Langeweg 38,https://mijn.makelaarsland.nl/woning-details/2954945?skipBrokerCheck=True,"Elektra, Vliering",,,"Ligbad, douche",1,1933,Bestaande bouw,In overleg,,,,,Cv-ketel,"Dakisolatie, Muurisolatie, Vloerisolatie, Dubbel glas",,,,,,,126,"Aan rustige weg, In woonwijk",,"Openbaar parkeren, Op eigen terrein",Zadeldak bedekt met pannen,5,Beschikbaar,641,Cv-ketel
Assendelft,24-12-22,1567 EA ,595000,Weideland 32,https://mijn.makelaarsland.nl/woning-details/2954673?skipBrokerCheck=True,Voorzien van elektra,,Dakterras aanwezig,"Douche, toilet",1,2007,Bestaande bouw,In overleg,7,,,,Hete lucht verwarming,Geen isolatie,,,,,,,172,"Aan rustige weg, In woonwijk, Vrij uitzicht",23,Openbaar parkeren,Lessenaarsdak bedekt met pannen,5,Beschikbaar,615,Cv-ketel
Haarlem,24-12-22,2011 GX ,285000,Gedempte Oude Gracht 130 B,https://mijn.makelaarsland.nl/woning-details/2973724?skipBrokerCheck=True,"TV kabel, Dakraam, Natuurlijke ventilatie","Appartement, Bovenwoning",,"Douche, toilet",1,,Bestaande bouw,Direct,,3e woonlaag,1,,Cv-ketel,Dubbel glas,Ja,80,Ja,Ja,Ja,Ja,47,In centrum,,Parkeervergunningen,"Schilddak bedekt met pannen, overig",2,Beschikbaar,162,Cv-ketel
Zuidermeer,24-12-22,1652 CV ,425000,Zuidermeerweg 81,https://mijn.makelaarsland.nl/woning-details/2973581?skipBrokerCheck=True,"Elektra, Elektrische deur",,,"Ligbad, douche, toilet",1,1973,Bestaande bouw,In overleg,18,,,,"Cv-ketel, Vloerverwarming gedeeltelijk",Geen isolatie,,,,,,,123,"In woonwijk, Vrij uitzicht",,"Openbaar parkeren, Op eigen terrein",Zadeldak bedekt met pannen,6,Beschikbaar,450,Cv-ketel
Amsterdam,24-12-22,1013 PH ,330000,Dirk Hartoghstraat 18 B,https://mijn.makelaarsland.nl/woning-details/2973215?skipBrokerCheck=True,"Mechanische ventilatie, TV kabel, Natuurlijke ventilatie","Appartement, Bovenwoning",,Douche,1,1883,Bestaande bouw,In overleg,,2e woonlaag,1,,Cv-ketel,Dubbel glas,Ja,95,Ja,Ja,Ja,Ja,38,"Aan rustige weg, In woonwijk",,"Betaald parkeren, Parkeervergunningen",Zadeldak bedekt met pannen,2,Beschikbaar,121,Cv-ketel
Groningen,24-12-22,9713 KC ,450000,Oosterhamrikkade 99,https://mijn.makelaarsland.nl/woning-details/2973015?skipBrokerCheck=True,"TV kabel, Lift, Zonnepanelen, Balansventilatie","Appartement, Portiekflat",Balkon aanwezig,Douche,1,2021,Bestaande bouw,In overleg,,1e woonlaag,2,,"Vloerverwarming geheel, Warmtepomp, Warmte terugwininstallatie",Volledig geïsoleerd,Ja,137,Ja,Ja,Ja,Ja,100,"Aan water, Aan rustige weg, In woonwijk",11,Op afgesloten terrein,Plat dak bedekt met bitumineuze dakbedekking,3,Beschikbaar,332,Elektrische boiler eigendom
Almere,24-12-22,1325 SM ,420000,Pasolinistraat 51,https://mijn.makelaarsland.nl/woning-details/2972667?skipBrokerCheck=True,Voorzien van elektra,,Dakterras aanwezig,"Ligbad, douche, toilet",1,1996,Bestaande bouw,In overleg,9,,,,Stadsverwarming,Geen isolatie,,,,,,,146,"Aan rustige weg, In woonwijk",17,Openbaar parkeren,Lessenaarsdak bedekt met pannen,5,Beschikbaar,478,Stadsverwarming
's-Gravenzande,24-12-22,2692 GR ,925000,Porseleinvlinder 20,https://mijn.makelaarsland.nl/woning-details/2972382?skipBrokerCheck=True,Elektra,,,,1,2021,Bestaande bouw,In overleg,,,,,"Vloerverwarming geheel, Warmtepomp, Warmte terugwininstallatie","Volledig geïsoleerd, HR-glas",,,,,,,196,"Aan rustige weg, In woonwijk",1,"Openbaar parkeren, Op eigen terrein",Samengesteld dak bedekt met pannen,6,Beschikbaar,795,Elektrische boiler eigendom
's-Gravenhage,24-12-22,2573 NE ,250000,Heelsumstraat 13,https://mijn.makelaarsland.nl/woning-details/2972058?skipBrokerCheck=True,TV kabel,"Appartement, Portiekflat",Balkon aanwezig,Toilet,1,1928,Bestaande bouw,In overleg,,1e woonlaag,1,,Cv-ketel,Dubbel glas,Ja,109,Ja,Ja,Ja,Ja,73,"Aan rustige weg, In woonwijk",6,"Betaald parkeren, Parkeervergunningen",Plat dak bedekt met bitumineuze dakbedekking,4,Beschikbaar,255,Cv-ketel
Utrecht,24-12-22,3563 ST ,425000,Orinocodreef 20 A,https://mijn.makelaarsland.nl/woning-details/2971777?skipBrokerCheck=True,"Mechanische ventilatie, TV kabel, Buitenzonwering, Airconditioning, Frans balkon, Dakraam",,Frans balkon aanwezig,"Douche, toilet",1,1989,Bestaande bouw,In overleg,5,,,,Cv-ketel,Volledig geïsoleerd,,,,,,,98,"Aan rustige weg, In woonwijk",1,Openbaar parkeren,Zadeldak bedekt met pannen,4,Beschikbaar,338,"Cv-ketel, Elektrische boiler eigendom"
Schalkhaar,24-12-22,7433 MN ,735000,Artilleriestraat 24,https://mijn.makelaarsland.nl/woning-details/2971598?skipBrokerCheck=True,"Elektra, Water",,,"Ligbad, douche",1,2004,Bestaande bouw,In overleg,12,,,,Cv-ketel,Volledig geïsoleerd,,,,,,,223,"Aan rustige weg, In woonwijk, Vrij uitzicht, In bosrijke omgeving",7,"Openbaar parkeren, Op eigen terrein",Tentdak bedekt met pannen,6,Beschikbaar,792,Cv-ketel
Doesburg,24-12-22,6981 EA ,400000,Schout bij Nacht Doormansingel 1,https://mijn.makelaarsland.nl/woning-details/2971477?skipBrokerCheck=True,"Voorzien van verwarming, Voorzien van elektra, Voorzien van water",,,"Douche, toilet",1,1928,Bestaande bouw,In overleg,4,,,,Cv-ketel,"Dakisolatie, Gedeeltelijk dubbel glas",,,,,,,108,"Aan rustige weg, In woonwijk",1,"Openbaar parkeren, Op eigen terrein",Zadeldak bedekt met pannen,4,Beschikbaar,521,Cv-ketel
Cuijk,24-12-22,5432 KK ,595000,Magnolia 26,https://mijn.makelaarsland.nl/woning-details/2971433?skipBrokerCheck=True,"Elektra, Elektrische deur",,,"Ligbad, douche, toilet",1,2016,Bestaande bouw,In overleg,8,,,,"Cv-ketel, Vloerverwarming gedeeltelijk","Dakisolatie, Vloerisolatie",,,,,,,143,"Aan rustige weg, In woonwijk",,Openbaar parkeren,Zadeldak bedekt met pannen,5,Beschikbaar,581,Cv-ketel
Rhoon,24-12-22,3161 AJ ,365000,Julianastraat 19,https://mijn.makelaarsland.nl/woning-details/2971291?skipBrokerCheck=True,Voorzien van elektra,,,"Douche, toilet",1,1956,Bestaande bouw,In overleg,8,,,,"Cv-ketel, Vloerverwarming gedeeltelijk","Dakisolatie, Muurisolatie, Vloerisolatie, Grotendeels dubbelglas, HR-glas",,,,,,,122,In woonwijk,,Openbaar parkeren,Zadeldak bedekt met pannen,6,Beschikbaar,408,Cv-ketel
Barendrecht,24-12-22,2992 DK ,489000,Walmolen 18,https://mijn.makelaarsland.nl/woning-details/2971289?skipBrokerCheck=True,Voorzien van elektra,,,"Douche, toilet",1,1988,Bestaande bouw,In overleg,5,,,,"Cv-ketel, Vloerverwarming gedeeltelijk","Dubbel glas, Volledig geïsoleerd, HR-glas",,,,,,,124,"In woonwijk, Vrij uitzicht",,Openbaar parkeren,Zadeldak bedekt met pannen,5,Beschikbaar,420,Cv-ketel
Doorn,24-12-22,3941 EE ,725000,Beatrixlaan 22,https://mijn.makelaarsland.nl/woning-details/2970989?skipBrokerCheck=True,"Verwarming, Elektra, Vliering",,,"Ligbad, douche, toilet, bidet",1,1963,Bestaande bouw,In overleg,19,,,,"Cv-ketel, Openhaard","Muurisolatie, Dubbel glas, HR-glas",,,,,,,179,"Aan bosrand, Aan rustige weg, In woonwijk, Beschutte ligging, In bosrijke omgeving",9,Op eigen terrein,Zadeldak bedekt met pannen,5,Beschikbaar,646,Cv-ketel
Wapenveld,24-12-22,8191 JL ,1165,Parkweg 20,https://mijn.makelaarsland.nl/woning-details/2970740?skipBrokerCheck=True,"Verwarming, Elektra",,,"2 douches, 2 toiletten",2,1980,Bestaande bouw,In overleg,,,,,"Cv-ketel, Vloerverwarming gedeeltelijk","Dakisolatie, Muurisolatie, Dubbel glas, HR-glas",,,,,,,302,"Aan rustige weg, Beschutte ligging, Buiten bebouwde kom, In bosrijke omgeving",4,"Openbaar parkeren, Op eigen terrein",Samengesteld dak bedekt met pannen,10,Beschikbaar,1237,"Cv-ketel, Elektrische boiler eigendom"
Westzaan,24-12-22,1551 BV ,400000,De Kersenboomstraat 17,https://mijn.makelaarsland.nl/woning-details/2954455?skipBrokerCheck=True,Voorzien van elektra,,,"Ligbad, douche, toilet",1,1985,Bestaande bouw,In overleg,6,,,,"Cv-ketel, Hete lucht verwarming, Gashaard","Dakisolatie, Muurisolatie, Vloerisolatie, Dubbel glas",,,,,,,127,"Aan rustige weg, In woonwijk",,Openbaar parkeren,Samengesteld dak,5,Beschikbaar,436,Cv-ketel
's-Gravenhage,24-12-22,2548 JB ,415000,Miamihof 70,https://mijn.makelaarsland.nl/woning-details/2954355?skipBrokerCheck=True,Voorzien van elektra,,Balkon aanwezig,,1,2008,Bestaande bouw,In overleg,,,,,Stadsverwarming,Volledig geïsoleerd,,,,,,,117,"Aan rustige weg, In woonwijk",15,Openbaar parkeren,Plat dak bedekt met bitumineuze dakbedekking,3,Beschikbaar,427,Centrale Voorziening
Amsterdam,24-12-22,1094 CX ,280000,Delistraat 38 D,https://mijn.makelaarsland.nl/woning-details/2954218?skipBrokerCheck=True,"Mechanische ventilatie, TV kabel, Frans balkon, Natuurlijke ventilatie","Appartement, Bovenwoning",Frans balkon aanwezig,Toilet,1,1903,Bestaande bouw,In overleg,,3e woonlaag,1,,Cv-ketel,Dubbel glas,Ja,51,Ja,Ja,Ja,Ja,26,In woonwijk,1,Betaald parkeren,Plat dak bedekt met bitumineuze dakbedekking,2,Beschikbaar,84,Cv-ketel
Tilburg,24-12-22,5046 HM ,312500,Abraham Kuijperstraat 23,https://mijn.makelaarsland.nl/woning-details/2954156?skipBrokerCheck=True,"Dakraam, Glasvezel kabel",,,Toilet,1,1906,Bestaande bouw,In overleg,,,,,"Cv-ketel, Vloerverwarming gedeeltelijk","Dakisolatie, Muurisolatie, Vloerisolatie, Dubbel glas, Volledig geïsoleerd",,,,,,,82,"Aan rustige weg, In woonwijk",,Betaald parkeren,Zadeldak bedekt met pannen,2,Beschikbaar,325,Cv-ketel
Amsterdam,24-12-22,1062 DA ,400000,Derkinderenstraat 49 E,https://mijn.makelaarsland.nl/woning-details/2954044?skipBrokerCheck=True,Voorzien van elektra,"Appartement, Bovenwoning",Balkon aanwezig,"Ligbad, douche",1,1993,Bestaande bouw,In overleg,4,3e woonlaag,1,,Cv-ketel,Volledig geïsoleerd,Ja,165,Ja,Ja,Ja,Ja,77,"In woonwijk, Vrij uitzicht",8,Betaald parkeren,Plat dak bedekt met bitumineuze dakbedekking,3,Beschikbaar,241,Cv-ketel
Veenendaal,24-12-22,3904 SM ,450000,Klipper 12,https://mijn.makelaarsland.nl/woning-details/2952832?skipBrokerCheck=True,"Buitenzonwering, Dakraam, Glasvezel kabel, Zonnepanelen",,,"Ligbad, toilet",1,1978,Bestaande bouw,In overleg,11,,,,Cv-ketel,"Dakisolatie, Muurisolatie, Dubbel glas",,,,,,,141,"Aan rustige weg, In woonwijk",1,"Openbaar parkeren, Op eigen terrein",Zadeldak bedekt met pannen,6,Beschikbaar,494,Cv-ketel
Amersfoort,24-12-22,3814 VJ ,495000,De Houtmanstraat 26,https://mijn.makelaarsland.nl/woning-details/2952469?skipBrokerCheck=True,"TV kabel, Glasvezel kabel",,,"Douche, 2 toiletten",2,1962,Bestaande bouw,In overleg,,,,,Cv-ketel,"Muurisolatie, Dubbel glas, HR-glas",,,,,,,111,"Aan rustige weg, In woonwijk",,Op eigen terrein,"Zadeldak bedekt met pannen, bitumineuze dakbedekking",5,Beschikbaar,444,Cv-ketel
Delfgauw,24-12-22,2645 AR ,998000,Spui 14,https://mijn.makelaarsland.nl/woning-details/2951977?skipBrokerCheck=True,"Mechanische ventilatie, Rolluiken, Glasvezel kabel, Zonnepanelen",,,"Ligbad, douche, toilet",2,1960,Bestaande bouw,In overleg,6,,,,"Cv-ketel, Vloerverwarming gedeeltelijk","Volledig geïsoleerd, HR-glas",,,,,,,217,"Aan water, Aan rustige weg, In woonwijk",14,"Openbaar parkeren, Op eigen terrein",Zadeldak bedekt met pannen,7,Beschikbaar,766,"Cv-ketel, Elektrische boiler eigendom"
Doesburg,24-12-22,6981 AS ,599000,Koepoortstraat 8 +10,https://mijn.makelaarsland.nl/woning-details/2951216?skipBrokerCheck=True,"Mechanische ventilatie, TV kabel, Rookkanaal, Dakraam",,,"Ligbad, 2 douches, 2 toiletten",2,1604,Bestaande bouw,In overleg,,,,,"Cv-ketel, Openhaard, Vloerverwarming gedeeltelijk","Gedeeltelijk dubbel glas, Voorzetramen",,,,,,,216,"Aan rustige weg, In centrum",11,Parkeervergunningen,Samengesteld dak bedekt met pannen,6,Beschikbaar,1024,Cv-ketel
Winschoten,24-12-22,9673 EE ,235000,Berkelstraat 15,https://mijn.makelaarsland.nl/woning-details/2950703?skipBrokerCheck=True,Voorzien van elektra,,,"Douche, toilet",1,1968,Bestaande bouw,In overleg,16,,,,Cv-ketel,"Dakisolatie, Grotendeels dubbelglas",,,,,,,94,"Aan rustige weg, In woonwijk, Vrij uitzicht",,Openbaar parkeren,Zadeldak bedekt met pannen,5,Beschikbaar,387,Cv-ketel
Leerdam,24-12-22,4141 BR ,435000,Noordwal 58,https://mijn.makelaarsland.nl/woning-details/2950592?skipBrokerCheck=True,Voorzien van elektra,,,Ligbad,1,2004,Bestaande bouw,In overleg,8,,,,Cv-ketel,Geen isolatie,,,,,,,113,In centrum,,Parkeervergunningen,Zadeldak bedekt met pannen,5,Beschikbaar,367,Cv-ketel
Rotterdam,24-12-22,3071 AG ,900000,Levie Vorstkade 23,https://mijn.makelaarsland.nl/woning-details/2950281?skipBrokerCheck=True,"Elektra, Water, Elektrische deur",,Dakterras aanwezig,"Ligbad, 3 douches, toilet",3,1998,Bestaande bouw,In overleg,,,,,"Stadsverwarming, Vloerverwarming gedeeltelijk","Dakisolatie, Muurisolatie, Vloerisolatie, Dubbel glas",,,,,,,189,"Aan water, In centrum, Aan vaarwater",32,Op eigen terrein,Plat dak bedekt met bitumineuze dakbedekking,5,Beschikbaar,724,Stadsverwarming
Nijmegen,24-12-22,6523 RM ,425000,Molenveldlaan 74,https://mijn.makelaarsland.nl/woning-details/2950017?skipBrokerCheck=True,"Mechanische ventilatie, TV kabel, Frans balkon, Dakraam","Appartement, Bovenwoning",Frans balkon aanwezig,Douche,1,1905,Bestaande bouw,In overleg,,2e woonlaag,2,,Stadsverwarming,"Dakisolatie, Muurisolatie, Grotendeels dubbelglas",Ja,145,Ja,Ja,Ja,Ja,109,"In woonwijk, Beschutte ligging",,"Openbaar parkeren, Parkeergarage",Samengesteld dak bedekt met metaal,3,Beschikbaar,372,Stadsverwarming
Voorburg,24-12-22,2273 EV ,285000,Monseigneur van Steelaan 182,https://mijn.makelaarsland.nl/woning-details/2950013?skipBrokerCheck=True,Voorzien van elektra,"Appartement, Portiekflat",Balkon aanwezig,Douche,1,1956,Bestaande bouw,In overleg,11,4e woonlaag,1,,Blokverwarming,HR-glas,Ja,135,Ja,Ja,Ja,Ja,74,"Aan drukke weg, In woonwijk, Vrij uitzicht",5,Openbaar parkeren,Zadeldak bedekt met bitumineuze dakbedekking,3,Beschikbaar,247,Geiser eigendom
Rotterdam,24-12-22,3055 ZP ,392500,Frans Halssingel 5 A,https://mijn.makelaarsland.nl/woning-details/2949724?skipBrokerCheck=True,"Mechanische ventilatie, TV kabel, Buitenzonwering, Schuifpui","Appartement, Maisonnette",Balkon aanwezig,Ligbad,1,1955,Bestaande bouw,In overleg,,2e woonlaag,3,,Cv-ketel,Geen isolatie,Ja,90,Ja,Ja,Ja,Ja,81,"Aan water, Aan rustige weg, In woonwijk",5,Openbaar parkeren,"Samengesteld dak bedekt met pannen, bitumineuze dakbedekking",4,Beschikbaar,297,Cv-ketel
Amsterdam,24-12-22,1064 AM ,310000,Burgemeester Cramergracht 168,https://mijn.makelaarsland.nl/woning-details/2970569?skipBrokerCheck=True,"TV kabel, Lift, Natuurlijke ventilatie","Appartement, Galerijflat",Balkon aanwezig,Douche,1,1958,Bestaande bouw,In overleg,6,6e woonlaag,1,,Blokverwarming,Dubbel glas,Ja,165,Ja,Ja,Ja,Ja,63,"In woonwijk, Vrij uitzicht",3,Parkeervergunningen,Plat dak bedekt met bitumineuze dakbedekking,2,Beschikbaar,205,Elektrische boiler eigendom
Almere,24-12-22,1363 BK ,270000,Luxemburgstraat 29,https://mijn.makelaarsland.nl/woning-details/2970224?skipBrokerCheck=True,Voorzien van elektra,"Appartement, Galerijflat",Frans balkon aanwezig,"Douche, toilet",1,2009,Bestaande bouw,In overleg,3,2e woonlaag,1,,Stadsverwarming,Geen isolatie,Ja,120,Ja,Ja,Ja,Ja,55,In woonwijk,,Openbaar parkeren,Plat dak bedekt met bitumineuze dakbedekking,2,Beschikbaar,181,Stadsverwarming
Utrecht,24-12-22,3526 JR ,245000,Livingstonelaan 1062,https://mijn.makelaarsland.nl/woning-details/2968412?skipBrokerCheck=True,"TV kabel, Lift, Natuurlijke ventilatie","Appartement, Portiekflat",Balkon aanwezig,Toilet,1,1969,Bestaande bouw,In overleg,4,4e woonlaag,1,,Stadsverwarming,HR-glas,Ja,129,Ja,Ja,Ja,Ja,55,"In woonwijk, Vrij uitzicht",,Openbaar parkeren,Plat dak bedekt met bitumineuze dakbedekking,2,Beschikbaar,176,Elektrische boiler eigendom
Utrecht,24-12-22,3554 GK ,590000,Zwanenvechtlaan 37,https://mijn.makelaarsland.nl/woning-details/2968411?skipBrokerCheck=True,"Mechanische ventilatie, TV kabel, Airconditioning",,Dakterras aanwezig,,1,2001,Bestaande bouw,In overleg,,,,,Stadsverwarming,Dubbel glas,,,,,,,165,In woonwijk,47,Openbaar parkeren,Plat dak bedekt met bitumineuze dakbedekking,5,Beschikbaar,576,Centrale Voorziening
Rotterdam,24-12-22,3077 RA ,275000,Keverborgstraat 17,https://mijn.makelaarsland.nl/woning-details/2968348?skipBrokerCheck=True,Voorzien van elektra,,Dakterras aanwezig,"Douche, toilet",1,1984,Bestaande bouw,In overleg,7,,,,Cv-ketel,"Volledig geïsoleerd, Grotendeels dubbelglas, HR-glas",,,,,,,103,In woonwijk,11,Openbaar parkeren,"Samengesteld dak bedekt met pannen, bitumineuze dakbedekking",4,Beschikbaar,341,Cv-ketel
Arnhem,24-12-22,6812 BC ,425000,Alexanderstraat 41,https://mijn.makelaarsland.nl/woning-details/2968341?skipBrokerCheck=True,"TV kabel, Rookkanaal, Frans balkon","Appartement, Bovenwoning","Dakterras aanwezig, balkon aanwezig, frans balkon aanwezig",Toilet,1,1903,Bestaande bouw,In overleg,1,1e woonlaag,2,,Cv-ketel,"Dakisolatie, Muurisolatie, Dubbel glas",Ja,50,Ja,Ja,Ja,Ja,109,"Aan rustige weg, In woonwijk",61,Openbaar parkeren,"Plat dak bedekt met pannen, bitumineuze dakbedekking",5,Beschikbaar,366,Cv-ketel
Meerstad,24-12-22,9613 CK ,675000,De Overtoom 15,https://mijn.makelaarsland.nl/woning-details/2968224?skipBrokerCheck=True,Elektra,,,Toilet,1,2019,Bestaande bouw,In overleg,23,,,,"Vloerverwarming geheel, Warmtepomp",Volledig geïsoleerd,,,,,,,161,"Aan rustige weg, In woonwijk",2,Op eigen terrein,Zadeldak bedekt met pannen,6,Beschikbaar,709,Elektrische boiler eigendom
Hedel,24-12-22,5321 SL ,349000,Prinses Margrietstraat 33,https://mijn.makelaarsland.nl/woning-details/2968076?skipBrokerCheck=True,Voorzien van elektra,"Appartement, Portiekflat",Dakterras aanwezig,Ligbad,1,2009,Bestaande bouw,In overleg,21,3e woonlaag,1,,"Cv-ketel, Vloerverwarming geheel",Geen isolatie,Ja,125,Ja,Ja,Ja,Ja,70,"Aan rustige weg, In woonwijk",39,"Openbaar parkeren, Op eigen terrein",Plat dak bedekt met kunststof,3,Beschikbaar,239,Cv-ketel
Rotterdam,24-12-22,3014 NR ,469000,Zijdewindestraat 145,https://mijn.makelaarsland.nl/woning-details/2967756?skipBrokerCheck=True,Voorzien van elektra,"Appartement, Bovenwoning",Balkon aanwezig,Douche,1,2003,Bestaande bouw,In overleg,8,3e woonlaag,2,,"Cv-ketel, Warmte terugwininstallatie",Volledig geïsoleerd,Ja,100,Ja,Ja,Ja,Ja,117,"Aan rustige weg, In woonwijk, Vrij uitzicht",9,"Openbaar parkeren, Betaald parkeren, Parkeervergunningen",Plat dak bedekt met bitumineuze dakbedekking,4,Beschikbaar,376,Cv-ketel
Amsterdam,24-12-22,1064 NS ,572500,Mezquitalaan 74 +PP,https://mijn.makelaarsland.nl/woning-details/2967069?skipBrokerCheck=True,"TV kabel, Lift, Natuurlijke ventilatie","Appartement, Bovenwoning",,"Ligbad, douche",1,1999,Bestaande bouw,In overleg,20,8e woonlaag,1,,Cv-ketel,Dubbel glas,Ja,222,Ja,Ja,Ja,Ja,108,"Aan water, Aan park, In woonwijk, Aan vaarwater",,"Betaald parkeren, Parkeergarage",Plat dak bedekt met bitumineuze dakbedekking,4,Beschikbaar,334,Cv-ketel
Soesterberg,24-12-22,3769 EN ,399000,van Maarenplein 11,https://mijn.makelaarsland.nl/woning-details/2967008?skipBrokerCheck=True,Voorzien van elektra,,,"Ligbad, douche, toilet",1,1970,Bestaande bouw,In overleg,17,,,,"Cv-ketel, Gashaard","Dakisolatie, Muurisolatie, Grotendeels dubbelglas",,,,,,,134,"Aan rustige weg, In woonwijk",19,Openbaar parkeren,Zadeldak bedekt met pannen,6,Beschikbaar,461,Cv-ketel
Brielle,24-12-22,3231 CD ,265000,Lumeyweg 9,https://mijn.makelaarsland.nl/woning-details/2967003?skipBrokerCheck=True,Voorzien van elektra,,,"Ligbad, douche, toilet",1,1958,Bestaande bouw,In overleg,6,,,,Cv-ketel,Dakisolatie,,,,,,,70,"Aan rustige weg, In woonwijk",,Openbaar parkeren,Plat dak bedekt met bitumineuze dakbedekking,3,Beschikbaar,236,Cv-ketel
Almere,24-12-22,1325 SZ ,360000,Minnellistraat 9,https://mijn.makelaarsland.nl/woning-details/2965248?skipBrokerCheck=True,Voorzien van elektra,,,Toilet,1,1996,Bestaande bouw,In overleg,7,,,,Stadsverwarming,Geen isolatie,,,,,,,89,"Aan rustige weg, In woonwijk",19,Openbaar parkeren,Plat dak bedekt met bitumineuze dakbedekking,4,Beschikbaar,297,Stadsverwarming
Rotterdam,24-12-22,3072 ZA ,330000,Atjehstraat 19,https://mijn.makelaarsland.nl/woning-details/2965038?skipBrokerCheck=True,Voorzien van elektra,"Appartement, Benedenwoning",,Douche,1,1990,Bestaande bouw,In overleg,5,1e woonlaag,1,,Elektrische verwarming,"Dubbel glas, Volledig geïsoleerd",Ja,138,Ja,Ja,Ja,Ja,69,"Aan rustige weg, In woonwijk, Vrij uitzicht",,"Betaald parkeren, Parkeervergunningen",Plat dak bedekt met bitumineuze dakbedekking,3,Beschikbaar,216,Elektrische boiler eigendom
Utrecht,24-12-22,3524 DM ,350000,Apennijnen 81,https://mijn.makelaarsland.nl/woning-details/2965027?skipBrokerCheck=True,"TV kabel, Natuurlijke ventilatie","Appartement, Portiekflat",Balkon aanwezig,"Jacuzzi, toilet",1,1979,Bestaande bouw,In overleg,8,2e woonlaag,1,,Cv-ketel,Muurisolatie,Ja,210,Ja,Ja,Ja,Ja,97,"Aan rustige weg, Open ligging",2,Openbaar parkeren,Plat dak bedekt met bitumineuze dakbedekking,3,Beschikbaar,305,Cv-ketel
